square_360_id,square_60_id,square_15_id,pixel_value,original_row_index,original_col_index
45,"(0,0)",TR,0,360,6504
45,"(0,0)",TR,41,368,6507
45,"(0,0)",TR,0,370,6496
45,"(1,1)",BL,43,439,6545
45,"(1,1)",BL,22,442,6551
45,"(1,1)",BL,21,449,6540
45,"(2,2)",BL,23,495,6600
45,"(2,2)",BL,21,502,6614
45,"(2,2)",BL,22,506,6605
45,"(3,3)",BR,22,555,6678
45,"(3,3)",BR,21,563,6686
45,"(3,3)",BR,23,566,6684
45,"(4,4)",TR,43,604,6743
45,"(4,4)",TR,41,606,6736
45,"(4,4)",TR,21,614,6747
45,"(5,5)",TR,90,662,6798
45,"(5,5)",TR,41,669,6803
45,"(5,5)",TR,81,673,6809
46,"(0,0)",TL,41,364,6852
46,"(0,0)",TL,41,369,6840
46,"(0,0)",TL,90,371,6845
46,"(1,1)",TL,42,420,6900
46,"(1,1)",TL,43,427,6912
46,"(1,1)",TL,42,430,6909
46,"(2,2)",BR,81,495,6988
46,"(2,2)",BR,23,502,6984
46,"(2,2)",BR,81,505,6977
46,"(3,3)",BR,90,556,7041
46,"(3,3)",BR,43,562,7049
46,"(3,3)",BR,42,567,7039
46,"(4,4)",TL,21,600,7088
46,"(4,4)",TL,21,608,7080
46,"(4,4)",TL,43,610,7093
46,"(5,5)",TL,42,661,7148
46,"(5,5)",TL,42,666,7153
46,"(5,5)",TL,81,673,7143
56,"(0,0)",TL,0,722,725
56,"(0,0)",TL,0,728,731
56,"(0,0)",TL,0,733,721
56,"(1,1)",BR,21,795,801
56,"(1,1)",BR,41,800,807
56,"(1,1)",BR,81,809,797
56,"(2,2)",BR,81,855,859
56,"(2,2)",BR,81,864,864
56,"(2,2)",BR,43,868,867
56,"(3,3)",TR,43,900,917
56,"(3,3)",TR,41,908,924
56,"(3,3)",TR,41,914,928
56,"(4,4)",TR,41,961,977
56,"(4,4)",TR,43,967,980
56,"(4,4)",TR,43,970,985
56,"(5,5)",TR,41,1021,1045
56,"(5,5)",TR,41,1026,1035
56,"(5,5)",TR,52,1030,1044
57,"(0,0)",BR,43,736,1098
57,"(0,0)",BR,42,744,1108
57,"(0,0)",BR,43,749,1103
57,"(1,1)",BL,41,798,1140
57,"(1,1)",BL,43,804,1154
57,"(1,1)",BL,43,806,1147
57,"(2,2)",BL,43,859,1202
57,"(2,2)",BL,24,862,1210
57,"(2,2)",BL,24,866,1209
57,"(3,3)",TR,43,902,1279
57,"(3,3)",TR,41,908,1281
57,"(3,3)",TR,43,913,1288
57,"(4,4)",BR,41,975,1348
57,"(4,4)",BR,43,984,1338
57,"(4,4)",BR,41,989,1340
57,"(5,5)",BL,43,1037,1384
57,"(5,5)",BL,43,1041,1386
57,"(5,5)",BL,52,1047,1394
58,"(0,0)",TR,41,724,1465
58,"(0,0)",TR,41,727,1462
58,"(0,0)",TR,42,734,1456
58,"(1,1)",BL,42,797,1507
58,"(1,1)",BL,43,804,1501
58,"(1,1)",BL,41,808,1513
58,"(2,2)",BR,22,858,1589
58,"(2,2)",BR,41,860,1583
58,"(2,2)",BR,43,869,1577
58,"(3,3)",BL,43,919,1631
58,"(3,3)",BL,43,921,1622
58,"(3,3)",BL,41,926,1629
58,"(4,4)",BR,43,975,1705
58,"(4,4)",BR,42,982,1698
58,"(4,4)",BR,41,985,1701
58,"(5,5)",TL,81,1024,1748
58,"(5,5)",TL,43,1029,1744
58,"(5,5)",TL,81,1033,1751
59,"(0,0)",TR,11,721,1819
59,"(0,0)",TR,11,725,1822
59,"(0,0)",TR,11,732,1827
59,"(1,1)",TR,43,780,1888
59,"(1,1)",TR,43,788,1877
59,"(1,1)",TR,43,791,1880
59,"(2,2)",BL,42,855,1923
59,"(2,2)",BL,43,863,1925
59,"(2,2)",BL,43,867,1932
59,"(3,3)",TL,81,901,1991
59,"(3,3)",TL,81,906,1986
59,"(3,3)",TL,41,912,1983
59,"(4,4)",BR,43,978,2057
59,"(4,4)",BR,21,984,2066
59,"(4,4)",BR,42,985,2062
59,"(5,5)",BR,82,1035,2128
59,"(5,5)",BR,42,1043,2118
59,"(5,5)",BR,22,1046,2120
60,"(0,0)",TL,43,722,2173
60,"(0,0)",TL,41,728,2164
60,"(0,0)",TL,21,732,2167
60,"(1,1)",TL,41,782,2221
60,"(1,1)",TL,43,789,2230
60,"(1,1)",TL,43,790,2225
60,"(2,2)",BL,41,858,2283
60,"(2,2)",BL,90,864,2285
60,"(2,2)",BL,43,867,2290
60,"(3,3)",TL,43,901,2344
60,"(3,3)",TL,43,908,2350
60,"(3,3)",TL,43,911,2348
60,"(4,4)",TL,42,963,2407
60,"(4,4)",TL,43,965,2403
60,"(4,4)",TL,41,973,2413
60,"(5,5)",TL,42,1021,2462
60,"(5,5)",TL,41,1027,2471
60,"(5,5)",TL,42,1033,2468
61,"(0,0)",TR,90,723,2540
61,"(0,0)",TR,43,727,2549
61,"(0,0)",TR,90,730,2537
61,"(1,1)",BR,81,796,2602
61,"(1,1)",BR,81,801,2599
61,"(1,1)",BR,41,807,2605
61,"(2,2)",TR,42,841,2655
61,"(2,2)",TR,42,846,2669
61,"(2,2)",TR,42,850,2664
61,"(3,3)",BL,81,919,2701
61,"(3,3)",BL,23,921,2714
61,"(3,3)",BL,90,928,2705
61,"(4,4)",BL,41,977,2769
61,"(4,4)",BL,41,980,2771
61,"(4,4)",BL,81,987,2763
61,"(5,5)",TL,42,1022,2826
61,"(5,5)",TL,42,1025,2821
61,"(5,5)",TL,90,1032,2832
62,"(0,0)",BR,90,739,2901
62,"(0,0)",BR,42,743,2908
62,"(0,0)",BR,81,746,2896
62,"(1,1)",BR,11,797,2959
62,"(1,1)",BR,82,804,2968
62,"(1,1)",BR,11,808,2960
62,"(2,2)",TR,42,842,3020
62,"(2,2)",TR,42,848,3027
62,"(2,2)",TR,43,853,3018
62,"(3,3)",TL,43,900,3068
62,"(3,3)",TL,41,907,3074
62,"(3,3)",TL,43,911,3061
62,"(4,4)",TL,42,963,3126
62,"(4,4)",TL,43,966,3130
62,"(4,4)",TL,43,974,3123
62,"(5,5)",BL,42,1036,3181
62,"(5,5)",BL,43,1044,3189
62,"(5,5)",BL,41,1045,3192
63,"(0,0)",TR,41,721,3261
63,"(0,0)",TR,41,726,3266
63,"(0,0)",TR,43,732,3258
63,"(1,1)",BR,43,799,3320
63,"(1,1)",BR,43,804,3325
63,"(1,1)",BR,22,809,3318
63,"(2,2)",TR,42,844,3386
63,"(2,2)",TR,90,846,3375
63,"(2,2)",TR,42,853,3382
63,"(3,3)",TR,21,901,3440
63,"(3,3)",TR,43,909,3447
63,"(3,3)",TR,43,912,3436
63,"(4,4)",TR,42,964,3505
63,"(4,4)",TR,42,966,3496
63,"(4,4)",TR,90,970,3503
63,"(5,5)",BL,21,1039,3542
63,"(5,5)",BL,43,1041,3552
63,"(5,5)",BL,81,1046,3547
64,"(0,0)",TL,90,723,3614
64,"(0,0)",TL,42,726,3606
64,"(0,0)",TL,90,731,3604
64,"(1,1)",TL,42,782,3672
64,"(1,1)",TL,42,787,3660
64,"(1,1)",TL,71,790,3666
64,"(2,2)",TL,90,840,3723
64,"(2,2)",TL,42,847,3731
64,"(2,2)",TL,42,850,3725
64,"(3,3)",TL,90,900,3783
64,"(3,3)",TL,41,905,3794
64,"(3,3)",TL,41,910,3788
64,"(4,4)",TL,42,960,3846
64,"(4,4)",TL,41,969,3842
64,"(4,4)",TL,42,972,3851
64,"(5,5)",TR,43,1024,3923
64,"(5,5)",TR,42,1026,3929
64,"(5,5)",TR,41,1034,3916
65,"(0,0)",TL,43,721,3969
65,"(0,0)",TL,43,728,3961
65,"(0,0)",TL,42,734,3974
65,"(1,1)",BR,42,797,4038
65,"(1,1)",BR,42,803,4045
65,"(1,1)",BR,42,807,4040
65,"(2,2)",TL,43,844,4093
65,"(2,2)",TL,43,847,4081
65,"(2,2)",TL,42,852,4085
65,"(3,3)",TR,21,903,4164
65,"(3,3)",TR,43,905,4167
65,"(3,3)",TR,43,913,4156
65,"(4,4)",TL,41,961,4213
65,"(4,4)",TL,42,969,4203
65,"(4,4)",TL,43,971,4207
65,"(5,5)",TL,43,1023,4273
65,"(5,5)",TL,42,1029,4266
65,"(5,5)",TL,43,1034,4262
66,"(0,0)",BR,43,738,4347
66,"(0,0)",BR,43,741,4337
66,"(0,0)",BR,43,747,4340
66,"(1,1)",TR,22,780,4406
66,"(1,1)",TR,42,787,4399
66,"(1,1)",TR,22,792,4403
66,"(2,2)",TL,42,843,4448
66,"(2,2)",TL,43,847,4453
66,"(2,2)",TL,43,853,4444
66,"(3,3)",BR,43,918,4529
66,"(3,3)",BR,41,922,4524
66,"(3,3)",BR,43,928,4516
66,"(4,4)",BR,43,976,4576
66,"(4,4)",BR,43,980,4587
66,"(4,4)",BR,43,985,4583
66,"(5,5)",TL,42,1024,4622
66,"(5,5)",TL,42,1025,4629
66,"(5,5)",TL,42,1031,4631
67,"(0,0)",TR,90,724,4696
67,"(0,0)",TR,43,725,4703
67,"(0,0)",TR,43,734,4706
67,"(1,1)",TR,42,780,4763
67,"(1,1)",TR,42,789,4755
67,"(1,1)",TR,42,794,4769
67,"(2,2)",BL,43,859,4811
67,"(2,2)",BL,42,863,4807
67,"(2,2)",BL,21,866,4801
67,"(3,3)",BR,21,919,4879
67,"(3,3)",BR,42,921,4886
67,"(3,3)",BR,42,925,4884
67,"(4,4)",TR,71,963,4941
67,"(4,4)",TR,43,965,4935
67,"(4,4)",TR,90,974,4949
67,"(5,5)",TR,41,1021,5006
67,"(5,5)",TR,42,1025,4996
67,"(5,5)",TR,43,1033,5004
68,"(0,0)",BR,43,737,5056
68,"(0,0)",BR,41,741,5069
68,"(0,0)",BR,43,747,5064
68,"(1,1)",BR,41,799,5120
68,"(1,1)",BR,41,802,5118
68,"(1,1)",BR,41,807,5125
68,"(2,2)",BL,41,858,5174
68,"(2,2)",BL,43,864,5168
68,"(2,2)",BL,42,868,5163
68,"(3,3)",TR,21,900,5239
68,"(3,3)",TR,81,908,5246
68,"(3,3)",TR,90,914,5240
68,"(4,4)",TR,42,964,5301
68,"(4,4)",TR,41,969,5297
68,"(4,4)",TR,43,970,5305
68,"(5,5)",TR,41,1020,5367
68,"(5,5)",TR,23,1025,5360
68,"(5,5)",TR,22,1030,5356
71,"(0,0)",BR,0,737,6138
71,"(0,0)",BR,0,742,6147
71,"(0,0)",BR,0,748,6143
71,"(1,1)",TR,21,781,6208
71,"(1,1)",TR,41,787,6200
71,"(1,1)",TR,41,794,6196
71,"(2,2)",TR,23,844,6265
71,"(2,2)",TR,22,849,6263
71,"(2,2)",TR,23,850,6259
71,"(3,3)",BL,22,915,6310
71,"(3,3)",BL,41,923,6305
71,"(3,3)",BL,23,925,6300
71,"(4,4)",TR,21,963,6377
71,"(4,4)",TR,23,967,6380
71,"(4,4)",TR,41,971,6385
71,"(5,5)",TR,42,1021,6448
71,"(5,5)",TR,21,1026,6439
71,"(5,5)",TR,21,1034,6441
72,"(0,0)",BR,24,739,6496
72,"(0,0)",BR,24,744,6504
72,"(0,0)",BR,24,746,6507
72,"(1,1)",BL,22,797,6548
72,"(1,1)",BL,23,800,6542
72,"(1,1)",BL,23,805,6553
72,"(2,2)",TR,23,844,6618
72,"(2,2)",TR,24,846,6626
72,"(2,2)",TR,41,851,6622
72,"(3,3)",TR,23,902,6682
72,"(3,3)",TR,23,906,6678
72,"(3,3)",TR,23,914,6687
72,"(4,4)",BR,42,977,6735
72,"(4,4)",BR,42,982,6749
72,"(4,4)",BR,41,986,6741
72,"(5,5)",TR,42,1023,6797
72,"(5,5)",TR,43,1028,6808
72,"(5,5)",TR,41,1033,6803
73,"(0,0)",BL,42,738,6847
73,"(0,0)",BL,21,743,6850
73,"(0,0)",BL,21,745,6842
73,"(1,1)",BL,41,797,6901
73,"(1,1)",BL,90,803,6912
73,"(1,1)",BL,41,808,6908
73,"(2,2)",BR,43,858,6977
73,"(2,2)",BR,42,861,6983
73,"(2,2)",BR,43,868,6988
73,"(3,3)",TL,43,903,7023
73,"(3,3)",TL,43,909,7034
73,"(3,3)",TL,42,914,7028
73,"(4,4)",BR,90,978,7097
73,"(4,4)",BR,21,980,7109
73,"(4,4)",BR,43,987,7102
73,"(5,5)",TL,90,1023,7146
73,"(5,5)",TL,23,1026,7153
73,"(5,5)",TL,41,1031,7144
74,"(0,0)",BL,43,737,7200
74,"(0,0)",BL,41,742,7205
74,"(0,0)",BL,43,748,7210
74,"(1,1)",TL,41,783,7263
74,"(1,1)",TL,43,789,7268
74,"(1,1)",TL,52,794,7273
74,"(2,2)",TL,90,843,7328
74,"(2,2)",TL,21,847,7322
74,"(2,2)",TL,43,850,7332
74,"(3,3)",BR,81,917,7400
74,"(3,3)",BR,81,922,7405
74,"(3,3)",BR,81,929,7397
74,"(4,4)",TR,81,961,7466
74,"(4,4)",TR,81,965,7463
74,"(4,4)",TR,90,972,7458
74,"(5,5)",TL,81,1023,7513
74,"(5,5)",TL,43,1029,7504
74,"(5,5)",TL,22,1033,7505
83,"(0,0)",BR,41,1095,743
83,"(0,0)",BR,41,1101,739
83,"(0,0)",BR,43,1105,748
83,"(1,1)",BL,41,1159,786
83,"(1,1)",BL,41,1161,784
83,"(1,1)",BL,41,1169,792
83,"(2,2)",TL,41,1202,852
83,"(2,2)",TL,21,1208,842
83,"(2,2)",TL,41,1212,849
83,"(3,3)",BR,81,1276,916
83,"(3,3)",BR,41,1280,925
83,"(3,3)",BR,43,1285,921
83,"(4,4)",BR,95,1338,983
83,"(4,4)",BR,11,1344,976
83,"(4,4)",BR,43,1346,987
83,"(5,5)",TR,41,1382,1038
83,"(5,5)",TR,52,1388,1040
83,"(5,5)",TR,41,1394,1047
84,"(0,0)",BL,41,1095,1091
84,"(0,0)",BL,41,1100,1082
84,"(0,0)",BL,43,1106,1089
84,"(1,1)",TL,24,1140,1147
84,"(1,1)",TL,82,1147,1151
84,"(1,1)",TL,81,1152,1140
84,"(2,2)",BL,81,1217,1200
84,"(2,2)",BL,41,1220,1213
84,"(2,2)",BL,21,1225,1208
84,"(3,3)",TL,41,1262,1261
84,"(3,3)",TL,41,1265,1269
84,"(3,3)",TL,43,1272,1271
84,"(4,4)",BR,43,1337,1346
84,"(4,4)",BR,41,1343,1342
84,"(4,4)",BR,90,1348,1336
84,"(5,5)",TR,43,1384,1400
84,"(5,5)",TR,43,1389,1398
84,"(5,5)",TR,41,1391,1405
85,"(0,0)",TL,43,1082,1446
85,"(0,0)",TL,43,1086,1452
85,"(0,0)",TL,42,1090,1440
85,"(1,1)",BR,43,1155,1525
85,"(1,1)",BR,41,1160,1515
85,"(1,1)",BR,43,1165,1523
85,"(2,2)",TR,43,1202,1578
85,"(2,2)",TR,43,1207,1583
85,"(2,2)",TR,41,1212,1586
85,"(3,3)",BR,43,1278,1641
85,"(3,3)",BR,90,1284,1635
85,"(3,3)",BR,43,1285,1647
85,"(4,4)",BR,41,1335,1705
85,"(4,4)",BR,43,1341,1701
85,"(4,4)",BR,43,1345,1696
85,"(5,5)",TL,43,1380,1754
85,"(5,5)",TL,81,1385,1742
85,"(5,5)",TL,81,1390,1749
86,"(0,0)",BR,43,1095,1817
86,"(0,0)",BR,43,1102,1826
86,"(0,0)",BR,41,1106,1822
86,"(1,1)",BR,81,1158,1883
86,"(1,1)",BR,43,1162,1875
86,"(1,1)",BR,81,1165,1887
86,"(2,2)",TL,41,1201,1934
86,"(2,2)",TL,43,1207,1923
86,"(2,2)",TL,43,1212,1927
86,"(3,3)",BR,43,1279,1997
86,"(3,3)",BR,43,1281,2001
86,"(3,3)",BR,41,1287,2007
86,"(4,4)",BL,21,1338,2047
86,"(4,4)",BL,41,1341,2041
86,"(4,4)",BL,11,1348,2051
86,"(5,5)",BL,43,1396,2113
86,"(5,5)",BL,41,1400,2109
86,"(5,5)",BL,81,1409,2102
87,"(0,0)",TR,43,1082,2179
87,"(0,0)",TR,43,1085,2187
87,"(0,0)",TR,43,1093,2182
87,"(1,1)",BR,41,1156,2249
87,"(1,1)",BR,43,1164,2237
87,"(1,1)",BR,41,1168,2242
87,"(2,2)",TL,42,1201,2284
87,"(2,2)",TL,41,1209,2291
87,"(2,2)",TL,42,1214,2287
87,"(3,3)",BL,41,1278,2344
87,"(3,3)",BL,41,1283,2345
87,"(3,3)",BL,42,1287,2351
87,"(4,4)",TL,81,1320,2400
87,"(4,4)",TL,43,1329,2408
87,"(4,4)",TL,90,1332,2410
87,"(5,5)",TR,41,1384,2485
87,"(5,5)",TR,41,1385,2484
87,"(5,5)",TR,41,1394,2475
88,"(0,0)",TL,41,1083,2531
88,"(0,0)",TL,82,1086,2524
88,"(0,0)",TL,81,1094,2526
88,"(1,1)",BR,24,1159,2603
88,"(1,1)",BR,24,1162,2597
88,"(1,1)",BR,24,1169,2606
88,"(2,2)",BR,41,1216,2667
88,"(2,2)",BR,41,1223,2655
88,"(2,2)",BR,43,1228,2660
88,"(3,3)",TL,41,1261,2709
88,"(3,3)",TL,81,1267,2714
88,"(3,3)",TL,41,1272,2703
88,"(4,4)",TR,42,1322,2783
88,"(4,4)",TR,43,1327,2777
88,"(4,4)",TR,90,1333,2786
88,"(5,5)",TL,43,1380,2834
88,"(5,5)",TL,43,1385,2821
88,"(5,5)",TL,41,1390,2827
89,"(0,0)",TR,11,1083,2903
89,"(0,0)",TR,41,1089,2896
89,"(0,0)",TR,11,1091,2906
89,"(1,1)",BL,43,1156,2942
89,"(1,1)",BL,41,1162,2952
89,"(1,1)",BL,41,1169,2948
89,"(2,2)",TL,43,1201,3010
89,"(2,2)",TL,43,1208,3009
89,"(2,2)",TL,43,1214,3002
89,"(3,3)",BR,43,1275,3078
89,"(3,3)",BR,43,1280,3083
89,"(3,3)",BR,21,1287,3087
89,"(4,4)",TR,41,1324,3149
89,"(4,4)",TR,41,1326,3137
89,"(4,4)",TR,21,1330,3142
89,"(5,5)",TL,43,1381,3183
89,"(5,5)",TL,41,1385,3194
89,"(5,5)",TL,43,1390,3187
90,"(0,0)",TR,43,1083,3261
90,"(0,0)",TR,42,1086,3267
90,"(0,0)",TR,42,1094,3255
90,"(1,1)",BL,42,1155,3307
90,"(1,1)",BL,42,1160,3310
90,"(1,1)",BL,90,1169,3303
90,"(2,2)",TL,43,1202,3363
90,"(2,2)",TL,43,1208,3374
90,"(2,2)",TL,71,1210,3367
90,"(3,3)",BL,81,1278,3426
90,"(3,3)",BL,81,1280,3433
90,"(3,3)",BL,43,1287,3420
90,"(4,4)",BL,11,1336,3490
90,"(4,4)",BL,95,1343,3488
90,"(4,4)",BL,90,1348,3484
90,"(5,5)",TL,90,1383,3545
90,"(5,5)",TL,43,1385,3550
90,"(5,5)",TL,42,1394,3541
91,"(0,0)",BR,22,1096,3625
91,"(0,0)",BR,41,1103,3624
91,"(0,0)",BR,21,1108,3616
91,"(1,1)",TR,71,1144,3682
91,"(1,1)",TR,43,1149,3679
91,"(1,1)",TR,43,1154,3689
91,"(2,2)",TR,43,1202,3740
91,"(2,2)",TR,42,1209,3736
91,"(2,2)",TR,43,1212,3745
91,"(3,3)",TL,41,1263,3787
91,"(3,3)",TL,43,1269,3780
91,"(3,3)",TL,41,1271,3794
91,"(4,4)",BL,43,1338,3842
91,"(4,4)",BL,43,1344,3851
91,"(4,4)",BL,41,1348,3846
91,"(5,5)",BL,42,1399,3906
91,"(5,5)",BL,90,1403,3901
91,"(5,5)",BL,90,1407,3914
92,"(0,0)",BR,21,1099,3978
92,"(0,0)",BR,42,1102,3983
92,"(0,0)",BR,42,1105,3988
92,"(1,1)",TR,41,1142,4048
92,"(1,1)",TR,22,1145,4041
92,"(1,1)",TR,22,1153,4036
92,"(2,2)",BL,90,1215,4090
92,"(2,2)",BL,81,1222,4081
92,"(2,2)",BL,22,1226,4087
92,"(3,3)",BL,90,1279,4149
92,"(3,3)",BL,42,1284,4152
92,"(3,3)",BL,21,1285,4140
92,"(4,4)",BL,90,1336,4208
92,"(4,4)",BL,42,1340,4213
92,"(4,4)",BL,90,1346,4200
92,"(5,5)",BL,41,1399,4263
92,"(5,5)",BL,43,1403,4270
92,"(5,5)",BL,90,1408,4266
93,"(0,0)",TR,42,1082,4347
93,"(0,0)",TR,90,1089,4341
93,"(0,0)",TR,81,1091,4336
93,"(1,1)",BR,43,1158,4408
93,"(1,1)",BR,43,1162,4397
93,"(1,1)",BR,90,1169,4402
93,"(2,2)",TR,42,1203,4460
93,"(2,2)",TR,43,1206,4456
93,"(2,2)",TR,41,1212,4469
93,"(3,3)",TR,52,1261,4520
93,"(3,3)",TR,52,1265,4528
93,"(3,3)",TR,90,1271,4517
93,"(4,4)",BL,23,1335,4564
93,"(4,4)",BL,22,1341,4565
93,"(4,4)",BL,43,1346,4570
93,"(5,5)",BR,11,1397,4642
93,"(5,5)",BR,41,1402,4648
93,"(5,5)",BR,42,1409,4638
94,"(0,0)",BL,41,1096,4681
94,"(0,0)",BL,41,1101,4688
94,"(0,0)",BL,43,1106,4690
94,"(1,1)",TL,43,1141,4750
94,"(1,1)",TL,41,1148,4743
94,"(1,1)",TL,41,1153,4747
94,"(2,2)",BL,24,1219,4811
94,"(2,2)",BL,24,1220,4809
94,"(2,2)",BL,22,1226,4804
94,"(3,3)",TL,24,1264,4864
94,"(3,3)",TL,24,1267,4873
94,"(3,3)",TL,23,1270,4868
94,"(4,4)",TL,22,1324,4921
94,"(4,4)",TL,22,1325,4928
94,"(4,4)",TL,24,1330,4933
94,"(5,5)",BR,23,1396,4996
94,"(5,5)",BR,23,1403,5003
94,"(5,5)",BR,21,1408,5007
95,"(0,0)",BR,11,1097,5060
95,"(0,0)",BR,22,1101,5067
95,"(0,0)",BR,43,1109,5057
95,"(1,1)",BR,71,1155,5120
95,"(1,1)",BR,81,1162,5125
95,"(1,1)",BR,42,1168,5117
95,"(2,2)",BR,43,1219,5182
95,"(2,2)",BR,43,1224,5179
95,"(2,2)",BR,81,1226,5189
95,"(3,3)",TL,41,1263,5234
95,"(3,3)",TL,42,1266,5221
95,"(3,3)",TL,81,1270,5229
95,"(4,4)",TR,81,1324,5309
95,"(4,4)",TR,23,1325,5296
95,"(4,4)",TR,22,1332,5304
95,"(5,5)",TR,22,1383,5355
95,"(5,5)",TR,21,1389,5360
95,"(5,5)",TR,42,1394,5369
96,"(0,0)",BR,24,1098,5419
96,"(0,0)",BR,22,1104,5420
96,"(0,0)",BR,23,1106,5428
96,"(1,1)",BR,81,1155,5479
96,"(1,1)",BR,95,1163,5488
96,"(1,1)",BR,90,1169,5481
96,"(2,2)",BR,41,1216,5539
96,"(2,2)",BR,41,1221,5543
96,"(2,2)",BR,22,1227,5545
96,"(3,3)",TL,22,1264,5589
96,"(3,3)",TL,43,1265,5580
96,"(3,3)",TL,22,1273,5593
96,"(4,4)",BR,23,1335,5666
96,"(4,4)",BR,81,1340,5660
96,"(4,4)",BR,23,1349,5659
96,"(5,5)",TL,22,1382,5707
96,"(5,5)",TL,23,1385,5714
96,"(5,5)",TL,90,1390,5703
97,"(0,0)",BR,42,1095,5775
97,"(0,0)",BR,42,1101,5786
97,"(0,0)",BR,42,1109,5782
97,"(1,1)",BR,41,1157,5842
97,"(1,1)",BR,43,1163,5849
97,"(1,1)",BR,90,1167,5839
97,"(2,2)",TR,22,1204,5907
97,"(2,2)",TR,90,1209,5897
97,"(2,2)",TR,90,1212,5902
97,"(3,3)",BR,90,1278,5967
97,"(3,3)",BR,90,1280,5956
97,"(3,3)",BR,42,1289,5960
97,"(4,4)",TR,23,1321,6024
97,"(4,4)",TR,42,1327,6025
97,"(4,4)",TR,41,1330,6015
97,"(5,5)",TR,42,1382,6083
97,"(5,5)",TR,21,1385,6086
97,"(5,5)",TR,42,1393,6077
98,"(0,0)",BL,23,1099,6134
98,"(0,0)",BL,22,1104,6122
98,"(0,0)",BL,23,1109,6125
98,"(1,1)",BR,11,1157,6205
98,"(1,1)",BR,23,1163,6200
98,"(1,1)",BR,23,1165,6199
98,"(2,2)",TR,22,1204,6266
98,"(2,2)",TR,24,1208,6259
98,"(2,2)",TR,22,1214,6262
98,"(3,3)",BR,22,1275,6321
98,"(3,3)",BR,21,1283,6327
98,"(3,3)",BR,23,1286,6319
98,"(4,4)",BL,22,1338,6368
98,"(4,4)",BL,21,1340,6361
98,"(4,4)",BL,22,1346,6373
98,"(5,5)",TR,22,1380,6438
98,"(5,5)",TR,22,1385,6442
98,"(5,5)",TR,23,1390,6446
99,"(0,0)",BL,21,1098,6487
99,"(0,0)",BL,21,1101,6492
99,"(0,0)",BL,90,1107,6482
99,"(1,1)",TR,23,1141,6562
99,"(1,1)",TR,41,1145,6555
99,"(1,1)",TR,23,1150,6568
99,"(2,2)",BL,23,1215,6608
99,"(2,2)",BL,23,1223,6613
99,"(2,2)",BL,22,1228,6600
99,"(3,3)",BR,23,1279,6679
99,"(3,3)",BR,22,1283,6686
99,"(3,3)",BR,21,1287,6684
99,"(4,4)",TR,90,1320,6745
99,"(4,4)",TR,90,1328,6738
99,"(4,4)",TR,90,1332,6743
99,"(5,5)",BL,24,1395,6794
99,"(5,5)",BL,90,1403,6782
99,"(5,5)",BL,90,1407,6787
100,"(0,0)",TR,43,1084,6867
100,"(0,0)",TR,95,1089,6857
100,"(0,0)",TR,90,1091,6861
100,"(1,1)",BL,11,1156,6909
100,"(1,1)",BL,42,1160,6903
100,"(1,1)",BL,90,1165,6910
100,"(2,2)",BL,21,1217,6970
100,"(2,2)",BL,22,1223,6962
100,"(2,2)",BL,43,1229,6969
100,"(3,3)",TR,24,1262,7048
100,"(3,3)",TR,23,1266,7041
100,"(3,3)",TR,22,1272,7036
100,"(4,4)",BL,22,1337,7093
100,"(4,4)",BL,22,1341,7084
100,"(4,4)",BL,23,1348,7087
100,"(5,5)",BR,21,1398,7160
100,"(5,5)",BR,23,1403,7168
100,"(5,5)",BR,24,1409,7158
110,"(0,0)",TR,43,1440,747
110,"(0,0)",TR,81,1448,743
110,"(0,0)",TR,81,1452,738
110,"(1,1)",TL,41,1501,780
110,"(1,1)",TL,21,1508,792
110,"(1,1)",TL,22,1510,788
110,"(2,2)",BL,41,1579,841
110,"(2,2)",BL,41,1580,852
110,"(2,2)",BL,22,1588,847
110,"(3,3)",BL,23,1636,903
110,"(3,3)",BL,23,1640,906
110,"(3,3)",BL,81,1646,911
110,"(4,4)",BL,41,1697,974
110,"(4,4)",BL,23,1700,966
110,"(4,4)",BL,81,1708,960
110,"(5,5)",TL,41,1741,1020
110,"(5,5)",TL,41,1748,1034
110,"(5,5)",TL,41,1754,1029
111,"(0,0)",TL,41,1442,1089
111,"(0,0)",TL,52,1447,1081
111,"(0,0)",TL,41,1453,1094
111,"(1,1)",BR,21,1519,1166
111,"(1,1)",BR,43,1521,1157
111,"(1,1)",BR,43,1525,1163
111,"(2,2)",TL,43,1560,1206
111,"(2,2)",TL,41,1565,1212
111,"(2,2)",TL,41,1573,1201
111,"(3,3)",TR,43,1620,1281
111,"(3,3)",TR,41,1627,1286
111,"(3,3)",TR,90,1634,1276
111,"(4,4)",BL,43,1698,1321
111,"(4,4)",BL,43,1702,1328
111,"(4,4)",BL,41,1706,1333
111,"(5,5)",BR,41,1756,1404
111,"(5,5)",BR,41,1760,1405
111,"(5,5)",BR,41,1769,1396
112,"(0,0)",BR,41,1456,1466
112,"(0,0)",BR,41,1460,1457
112,"(0,0)",BR,43,1465,1461
112,"(1,1)",BR,43,1516,1517
112,"(1,1)",BR,43,1521,1522
112,"(1,1)",BR,21,1529,1525
112,"(2,2)",TR,43,1564,1576
112,"(2,2)",TR,43,1569,1585
112,"(2,2)",TR,43,1572,1583
112,"(3,3)",BL,43,1638,1622
112,"(3,3)",BL,43,1643,1629
112,"(3,3)",BL,42,1645,1634
112,"(4,4)",TR,43,1682,1705
112,"(4,4)",TR,41,1687,1699
112,"(4,4)",TR,81,1694,1700
112,"(5,5)",BL,43,1759,1740
112,"(5,5)",BL,41,1761,1747
112,"(5,5)",BL,43,1766,1754
113,"(0,0)",BR,90,1457,1825
113,"(0,0)",BR,81,1460,1823
113,"(0,0)",BR,43,1467,1818
113,"(1,1)",TL,42,1500,1862
113,"(1,1)",TL,90,1508,1866
113,"(1,1)",TL,22,1512,1874
113,"(2,2)",TR,43,1560,1947
113,"(2,2)",TR,21,1569,1938
113,"(2,2)",TR,81,1572,1940
113,"(3,3)",BL,41,1639,1983
113,"(3,3)",BL,43,1644,1989
113,"(3,3)",BL,71,1648,1994
113,"(4,4)",TR,21,1684,2056
113,"(4,4)",TR,41,1687,2062
113,"(4,4)",TR,41,1691,2066
113,"(5,5)",TR,71,1743,2128
113,"(5,5)",TR,43,1746,2124
113,"(5,5)",TR,43,1754,2115
114,"(0,0)",BR,41,1459,2182
114,"(0,0)",BR,43,1461,2185
114,"(0,0)",BR,43,1469,2179
114,"(1,1)",TR,43,1501,2236
114,"(1,1)",TR,43,1505,2243
114,"(1,1)",TR,41,1514,2247
114,"(2,2)",TR,43,1560,2297
114,"(2,2)",TR,41,1565,2309
114,"(2,2)",TR,41,1571,2300
114,"(3,3)",BL,41,1637,2342
114,"(3,3)",BL,43,1640,2353
114,"(3,3)",BL,42,1646,2349
114,"(4,4)",BR,43,1695,2418
114,"(4,4)",BR,41,1702,2429
114,"(4,4)",BR,41,1709,2424
114,"(5,5)",TR,43,1741,2485
114,"(5,5)",TR,42,1747,2481
114,"(5,5)",TR,43,1753,2478
115,"(0,0)",BL,21,1459,2521
115,"(0,0)",BL,23,1461,2532
115,"(0,0)",BL,81,1466,2527
115,"(1,1)",TL,81,1502,2587
115,"(1,1)",TL,81,1506,2592
115,"(1,1)",TL,22,1510,2580
115,"(2,2)",BL,11,1579,2654
115,"(2,2)",BL,22,1580,2640
115,"(2,2)",BL,11,1586,2648
115,"(3,3)",BL,43,1638,2712
115,"(3,3)",BL,43,1641,2700
115,"(3,3)",BL,41,1649,2705
115,"(4,4)",BL,42,1699,2771
115,"(4,4)",BL,43,1704,2764
115,"(4,4)",BL,82,1708,2768
115,"(5,5)",BL,71,1757,2823
115,"(5,5)",BL,90,1760,2833
115,"(5,5)",BL,43,1769,2826
116,"(0,0)",TR,21,1444,2898
116,"(0,0)",TR,43,1447,2905
116,"(0,0)",TR,22,1453,2904
116,"(1,1)",TL,21,1504,2954
116,"(1,1)",TL,41,1508,2948
116,"(1,1)",TL,21,1510,2942
116,"(2,2)",TL,43,1563,3001
116,"(2,2)",TL,43,1567,3006
116,"(2,2)",TL,43,1570,3014
116,"(3,3)",BR,43,1635,3075
116,"(3,3)",BR,90,1643,3088
116,"(3,3)",BR,90,1646,3082
116,"(4,4)",TR,41,1682,3149
116,"(4,4)",TR,42,1688,3143
116,"(4,4)",TR,42,1692,3137
116,"(5,5)",TR,11,1740,3198
116,"(5,5)",TR,11,1746,3204
116,"(5,5)",TR,11,1753,3206
117,"(0,0)",BR,43,1459,3259
117,"(0,0)",BR,81,1460,3268
117,"(0,0)",BR,43,1465,3261
117,"(1,1)",TR,43,1500,3319
117,"(1,1)",TR,42,1509,3328
117,"(1,1)",TR,41,1514,3324
117,"(2,2)",BL,41,1577,3369
117,"(2,2)",BL,42,1580,3373
117,"(2,2)",BL,43,1588,3360
117,"(3,3)",BL,42,1638,3430
117,"(3,3)",BL,43,1644,3428
117,"(3,3)",BL,43,1646,3423
117,"(4,4)",BL,11,1696,3481
117,"(4,4)",BL,11,1702,3487
117,"(4,4)",BL,11,1705,3490
117,"(5,5)",BL,43,1755,3546
117,"(5,5)",BL,43,1761,3544
117,"(5,5)",BL,43,1765,3553
118,"(0,0)",TR,21,1442,3625
118,"(0,0)",TR,41,1446,3621
118,"(0,0)",TR,41,1454,3616
118,"(1,1)",BR,43,1516,3687
118,"(1,1)",BR,43,1521,3684
118,"(1,1)",BR,43,1526,3675
118,"(2,2)",TR,90,1562,3739
118,"(2,2)",TR,95,1568,3743
118,"(2,2)",TR,90,1571,3745
118,"(3,3)",BR,41,1637,3798
118,"(3,3)",BR,41,1643,3801
118,"(3,3)",BR,43,1649,3805
118,"(4,4)",TL,90,1683,3850
118,"(4,4)",TL,11,1688,3844
118,"(4,4)",TL,11,1692,3848
118,"(5,5)",TL,21,1740,3906
118,"(5,5)",TL,43,1747,3900
118,"(5,5)",TL,41,1753,3912
119,"(0,0)",BR,41,1457,3988
119,"(0,0)",BR,41,1461,3982
119,"(0,0)",BR,41,1465,3979
119,"(1,1)",BL,43,1516,4023
119,"(1,1)",BL,41,1523,4025
119,"(1,1)",BL,43,1525,4032
119,"(2,2)",BR,90,1578,4101
119,"(2,2)",BR,42,1582,4097
119,"(2,2)",BR,43,1589,4105
119,"(3,3)",TR,90,1620,4166
119,"(3,3)",TR,90,1625,4161
119,"(3,3)",TR,42,1633,4158
119,"(4,4)",TR,41,1682,4220
119,"(4,4)",TR,43,1686,4216
119,"(4,4)",TR,42,1691,4227
119,"(5,5)",BL,42,1755,4274
119,"(5,5)",BL,42,1764,4261
119,"(5,5)",BL,41,1766,4267
120,"(0,0)",BR,90,1456,4337
120,"(0,0)",BR,21,1462,4342
120,"(0,0)",BR,43,1469,4347
120,"(1,1)",TR,21,1504,4403
120,"(1,1)",TR,41,1508,4408
120,"(1,1)",TR,41,1510,4395
120,"(2,2)",TL,43,1562,4453
120,"(2,2)",TL,42,1565,4447
120,"(2,2)",TL,42,1574,4444
120,"(3,3)",BR,41,1638,4516
120,"(3,3)",BR,41,1642,4528
120,"(3,3)",BR,11,1646,4522
120,"(4,4)",BL,90,1695,4567
120,"(4,4)",BL,90,1701,4573
120,"(4,4)",BL,43,1706,4564
120,"(5,5)",TL,43,1743,4622
120,"(5,5)",TL,43,1749,4630
120,"(5,5)",TL,43,1752,4628
121,"(0,0)",BR,43,1457,4706
121,"(0,0)",BR,43,1463,4704
121,"(0,0)",BR,43,1468,4699
121,"(1,1)",TR,43,1503,4757
121,"(1,1)",TR,41,1509,4760
121,"(1,1)",TR,43,1510,4769
121,"(2,2)",BR,21,1577,4820
121,"(2,2)",BR,42,1582,4818
121,"(2,2)",BR,43,1587,4826
121,"(3,3)",BR,81,1636,4884
121,"(3,3)",BR,43,1644,4876
121,"(3,3)",BR,41,1647,4889
121,"(4,4)",BL,90,1697,4920
121,"(4,4)",BL,41,1700,4929
121,"(4,4)",BL,41,1705,4930
121,"(5,5)",BL,81,1755,4991
121,"(5,5)",BL,42,1762,4987
121,"(5,5)",BL,41,1766,4983
122,"(0,0)",TL,23,1440,5049
122,"(0,0)",TL,43,1449,5041
122,"(0,0)",TL,95,1451,5054
122,"(1,1)",TR,43,1502,5119
122,"(1,1)",TR,71,1508,5126
122,"(1,1)",TR,71,1514,5122
122,"(2,2)",BR,41,1575,5187
122,"(2,2)",BR,41,1584,5175
122,"(2,2)",BR,43,1589,5180
122,"(3,3)",TL,95,1621,5226
122,"(3,3)",TL,90,1628,5220
122,"(3,3)",TL,90,1634,5230
122,"(4,4)",BR,41,1695,5295
122,"(4,4)",BR,43,1702,5302
122,"(4,4)",BR,41,1708,5305
122,"(5,5)",BL,90,1756,5349
122,"(5,5)",BL,23,1762,5351
122,"(5,5)",BL,43,1768,5340
123,"(0,0)",TL,42,1442,5409
123,"(0,0)",TL,90,1448,5400
123,"(0,0)",TL,90,1451,5414
123,"(1,1)",TR,41,1501,5485
123,"(1,1)",TR,41,1508,5483
123,"(1,1)",TR,43,1514,5476
123,"(2,2)",BR,43,1575,5546
123,"(2,2)",BR,21,1580,5541
123,"(2,2)",BR,43,1587,5536
123,"(3,3)",TR,22,1621,5609
123,"(3,3)",TR,43,1627,5596
123,"(3,3)",TR,90,1634,5604
123,"(4,4)",BL,90,1699,5642
123,"(4,4)",BL,90,1700,5652
123,"(4,4)",BL,90,1705,5647
123,"(5,5)",BL,23,1756,5711
123,"(5,5)",BL,24,1761,5702
123,"(5,5)",BL,22,1769,5707
124,"(0,0)",BR,11,1459,5783
124,"(0,0)",BR,11,1460,5786
124,"(0,0)",BR,41,1468,5779
124,"(1,1)",BL,21,1519,5832
124,"(1,1)",BL,52,1521,5822
124,"(1,1)",BL,43,1528,5825
124,"(2,2)",TL,43,1563,5887
124,"(2,2)",TL,42,1569,5890
124,"(2,2)",TL,90,1573,5882
124,"(3,3)",TL,21,1621,5948
124,"(3,3)",TL,43,1629,5953
124,"(3,3)",TL,22,1630,5943
124,"(4,4)",TR,24,1682,6026
124,"(4,4)",TR,41,1685,6022
124,"(4,4)",TR,22,1692,6019
124,"(5,5)",TL,43,1743,6067
124,"(5,5)",TL,41,1749,6072
124,"(5,5)",TL,81,1751,6060
125,"(0,0)",TL,95,1442,6128
125,"(0,0)",TL,11,1447,6134
125,"(0,0)",TL,90,1450,6120
125,"(1,1)",BL,24,1516,6183
125,"(1,1)",BL,23,1521,6190
125,"(1,1)",BL,23,1526,6188
125,"(2,2)",TR,22,1563,6268
125,"(2,2)",TR,23,1568,6258
125,"(2,2)",TR,24,1574,6263
125,"(3,3)",BR,22,1639,6325
125,"(3,3)",BR,22,1641,6317
125,"(3,3)",BR,22,1645,6320
125,"(4,4)",TR,23,1680,6377
125,"(4,4)",TR,41,1685,6380
125,"(4,4)",TR,23,1692,6388
125,"(5,5)",TR,23,1742,6446
125,"(5,5)",TR,95,1747,6440
125,"(5,5)",TR,90,1751,6439
126,"(0,0)",TL,41,1443,6489
126,"(0,0)",TL,41,1446,6484
126,"(0,0)",TL,41,1451,6490
126,"(1,1)",TR,42,1502,6564
126,"(1,1)",TR,43,1507,6558
126,"(1,1)",TR,22,1514,6568
126,"(2,2)",TL,22,1562,6614
126,"(2,2)",TL,23,1568,6602
126,"(2,2)",TL,23,1572,6608
126,"(3,3)",BL,43,1635,6666
126,"(3,3)",BL,42,1644,6664
126,"(3,3)",BL,42,1647,6671
126,"(4,4)",TR,43,1683,6741
126,"(4,4)",TR,90,1689,6748
126,"(4,4)",TR,41,1692,6739
126,"(5,5)",TR,23,1744,6803
126,"(5,5)",TR,24,1748,6797
126,"(5,5)",TR,24,1754,6808
136,"(0,0)",BR,0,1819,383
136,"(0,0)",BR,0,1822,387
136,"(0,0)",BR,0,1829,376
136,"(1,1)",TR,41,1864,447
136,"(1,1)",TR,41,1866,442
136,"(1,1)",TR,41,1874,439
136,"(2,2)",BL,41,1939,485
136,"(2,2)",BL,41,1942,484
136,"(2,2)",BL,43,1947,490
136,"(3,3)",TR,43,1980,568
136,"(3,3)",TR,41,1985,560
136,"(3,3)",TR,41,1993,556
136,"(4,4)",TR,11,2040,617
136,"(4,4)",TR,11,2047,626
136,"(4,4)",TR,11,2050,621
136,"(5,5)",BL,41,2118,660
136,"(5,5)",BL,43,2124,671
136,"(5,5)",BL,41,2128,667
137,"(0,0)",BL,41,1815,721
137,"(0,0)",BL,90,1822,733
137,"(0,0)",BL,90,1829,726
137,"(1,1)",BR,90,1877,801
137,"(1,1)",BR,81,1884,796
137,"(1,1)",BR,90,1889,809
137,"(2,2)",TR,41,1921,864
137,"(2,2)",TR,43,1927,866
137,"(2,2)",TR,41,1930,858
137,"(3,3)",BL,43,1996,906
137,"(3,3)",BL,43,2000,911
137,"(3,3)",BL,43,2008,902
137,"(4,4)",BR,43,2056,986
137,"(4,4)",BR,43,2064,979
137,"(4,4)",BR,42,2069,982
137,"(5,5)",BR,43,2115,1046
137,"(5,5)",BR,41,2122,1042
137,"(5,5)",BR,41,2126,1035
138,"(0,0)",BL,41,1818,1086
138,"(0,0)",BL,41,1820,1094
138,"(0,0)",BL,43,1829,1082
138,"(1,1)",TR,43,1860,1160
138,"(1,1)",TR,31,1867,1168
138,"(1,1)",TR,22,1873,1157
138,"(2,2)",BR,41,1935,1225
138,"(2,2)",BR,41,1942,1215
138,"(2,2)",BR,43,1949,1224
138,"(3,3)",BL,41,1995,1270
138,"(3,3)",BL,41,2002,1265
138,"(3,3)",BL,41,2008,1261
138,"(4,4)",TL,41,2041,1328
138,"(4,4)",TL,41,2046,1331
138,"(4,4)",TL,41,2052,1320
138,"(5,5)",BL,41,2119,1391
138,"(5,5)",BL,43,2121,1382
138,"(5,5)",BL,41,2125,1389
139,"(0,0)",BR,41,1817,1464
139,"(0,0)",BR,41,1820,1465
139,"(0,0)",BR,43,1828,1459
139,"(1,1)",BL,41,1877,1503
139,"(1,1)",BL,41,1881,1509
139,"(1,1)",BL,42,1885,1510
139,"(2,2)",BL,43,1938,1570
139,"(2,2)",BL,41,1944,1561
139,"(2,2)",BL,41,1947,1566
139,"(3,3)",BL,43,1995,1623
139,"(3,3)",BL,43,2004,1631
139,"(3,3)",BL,43,2006,1629
139,"(4,4)",BR,43,2058,1701
139,"(4,4)",BR,90,2061,1696
139,"(4,4)",BR,43,2069,1705
139,"(5,5)",BR,90,2116,1769
139,"(5,5)",BR,43,2120,1764
139,"(5,5)",BR,41,2129,1757
140,"(0,0)",BR,43,1818,1822
140,"(0,0)",BR,22,1824,1828
140,"(0,0)",BR,23,1826,1815
140,"(1,1)",BR,43,1875,1880
140,"(1,1)",BR,43,1883,1888
140,"(1,1)",BR,43,1887,1877
140,"(2,2)",TR,90,1921,1947
140,"(2,2)",TR,42,1929,1938
140,"(2,2)",TR,43,1931,1940
140,"(3,3)",BR,43,1996,1996
140,"(3,3)",BR,43,2003,2006
140,"(3,3)",BR,43,2006,2000
140,"(4,4)",TR,43,2040,2059
140,"(4,4)",TR,43,2045,2065
140,"(4,4)",TR,43,2052,2060
140,"(5,5)",BL,43,2119,2114
140,"(5,5)",BL,43,2121,2106
140,"(5,5)",BL,21,2126,2101
141,"(0,0)",TR,42,1803,2175
141,"(0,0)",TR,43,1807,2188
141,"(0,0)",TR,43,1811,2181
141,"(1,1)",BL,43,1876,2227
141,"(1,1)",BL,41,1884,2233
141,"(1,1)",BL,41,1889,2220
141,"(2,2)",TL,42,1921,2280
141,"(2,2)",TL,41,1925,2293
141,"(2,2)",TL,81,1934,2286
141,"(3,3)",TR,43,1983,2367
141,"(3,3)",TR,43,1987,2356
141,"(3,3)",TR,41,1994,2361
141,"(4,4)",BR,41,2056,2417
141,"(4,4)",BR,21,2061,2421
141,"(4,4)",BR,22,2067,2428
141,"(5,5)",TL,23,2101,2467
141,"(5,5)",TL,21,2106,2462
141,"(5,5)",TL,22,2110,2472
142,"(0,0)",TR,24,1803,2536
142,"(0,0)",TR,81,1806,2544
142,"(0,0)",TR,41,1814,2547
142,"(1,1)",TR,82,1863,2595
142,"(1,1)",TR,82,1869,2608
142,"(1,1)",TR,82,1872,2601
142,"(2,2)",BR,41,1935,2668
142,"(2,2)",BR,90,1942,2659
142,"(2,2)",BR,90,1947,2661
142,"(3,3)",BR,24,1995,2723
142,"(3,3)",BR,24,2003,2718
142,"(3,3)",BR,23,2005,2728
142,"(4,4)",TR,24,2040,2780
142,"(4,4)",TR,41,2048,2788
142,"(4,4)",TR,41,2053,2779
142,"(5,5)",TR,41,2102,2844
142,"(5,5)",TR,81,2106,2839
142,"(5,5)",TR,43,2112,2848
143,"(0,0)",BR,43,1819,2904
143,"(0,0)",BR,43,1824,2899
143,"(0,0)",BR,43,1826,2909
143,"(1,1)",TR,43,1863,2955
143,"(1,1)",TR,43,1868,2968
143,"(1,1)",TR,43,1870,2964
143,"(2,2)",TR,43,1924,3020
143,"(2,2)",TR,42,1929,3016
143,"(2,2)",TR,42,1931,3028
143,"(3,3)",TL,42,1982,3062
143,"(3,3)",TL,43,1985,3066
143,"(3,3)",TL,41,1993,3072
143,"(4,4)",TR,41,2041,3137
143,"(4,4)",TR,42,2048,3148
143,"(4,4)",TR,90,2052,3142
143,"(5,5)",BR,42,2115,3201
143,"(5,5)",BR,43,2120,3198
143,"(5,5)",BR,41,2126,3205
144,"(0,0)",TL,41,1801,3244
144,"(0,0)",TL,41,1807,3251
144,"(0,0)",TL,43,1812,3246
144,"(1,1)",TR,41,1864,3315
144,"(1,1)",TR,42,1868,3324
144,"(1,1)",TR,42,1874,3325
144,"(2,2)",BR,11,1936,3383
144,"(2,2)",BR,11,1944,3375
144,"(2,2)",BR,11,1945,3388
144,"(3,3)",TR,11,1981,3435
144,"(3,3)",TR,11,1988,3446
144,"(3,3)",TR,11,1992,3443
144,"(4,4)",TL,90,2041,3493
144,"(4,4)",TL,43,2046,3480
144,"(4,4)",TL,43,2053,3486
144,"(5,5)",TR,43,2103,3569
144,"(5,5)",TR,41,2105,3555
144,"(5,5)",TR,90,2114,3562
145,"(0,0)",TR,11,1802,3628
145,"(0,0)",TR,11,1809,3623
145,"(0,0)",TR,43,1814,3618
145,"(1,1)",TR,43,1864,3681
145,"(1,1)",TR,43,1865,3675
145,"(1,1)",TR,41,1871,3687
145,"(2,2)",BR,90,1938,3737
145,"(2,2)",BR,90,1942,3748
145,"(2,2)",BR,90,1945,3743
145,"(3,3)",BR,41,1995,3798
145,"(3,3)",BR,81,2002,3803
145,"(3,3)",BR,81,2008,3806
145,"(4,4)",BR,43,2055,3866
145,"(4,4)",BR,41,2062,3862
145,"(4,4)",BR,22,2065,3859
145,"(5,5)",TR,81,2102,3919
145,"(5,5)",TR,41,2106,3922
145,"(5,5)",TR,81,2113,3929
146,"(0,0)",BR,90,1818,3979
146,"(0,0)",BR,43,1822,3989
146,"(0,0)",BR,42,1828,3983
146,"(1,1)",TL,81,1864,4034
146,"(1,1)",TL,81,1868,4027
146,"(1,1)",TL,41,1871,4020
146,"(2,2)",BL,43,1938,4082
146,"(2,2)",BL,43,1943,4086
146,"(2,2)",BL,90,1945,4090
146,"(3,3)",BR,43,1995,4167
146,"(3,3)",BR,41,2000,4163
146,"(3,3)",BR,43,2005,4159
146,"(4,4)",TR,41,2041,4227
146,"(4,4)",TR,41,2046,4223
146,"(4,4)",TR,90,2052,4219
146,"(5,5)",BL,22,2116,4267
146,"(5,5)",BL,43,2120,4264
146,"(5,5)",BL,81,2128,4270
147,"(0,0)",TL,41,1801,4320
147,"(0,0)",TL,11,1808,4332
147,"(0,0)",TL,21,1812,4325
147,"(1,1)",TR,41,1863,4403
147,"(1,1)",TR,41,1866,4405
147,"(1,1)",TR,90,1873,4399
147,"(2,2)",BL,11,1936,4454
147,"(2,2)",BL,43,1943,4442
147,"(2,2)",BL,81,1949,4448
147,"(3,3)",BR,71,1999,4522
147,"(3,3)",BR,43,2001,4519
147,"(3,3)",BR,43,2005,4527
147,"(4,4)",BR,43,2055,4583
147,"(4,4)",BR,42,2060,4577
147,"(4,4)",BR,22,2069,4588
147,"(5,5)",TL,43,2104,4626
147,"(5,5)",TL,43,2105,4633
147,"(5,5)",TL,22,2112,4622
148,"(0,0)",BR,43,1817,4700
148,"(0,0)",BR,43,1821,4695
148,"(0,0)",BR,43,1829,4706
148,"(1,1)",TR,43,1863,4769
148,"(1,1)",TR,43,1865,4756
148,"(1,1)",TR,43,1874,4760
148,"(2,2)",BL,11,1935,4809
148,"(2,2)",BL,42,1942,4803
148,"(2,2)",BL,41,1948,4811
148,"(3,3)",TL,31,1983,4862
148,"(3,3)",TL,11,1989,4872
148,"(3,3)",TL,42,1991,4867
148,"(4,4)",TR,41,2040,4945
148,"(4,4)",TR,42,2047,4940
148,"(4,4)",TR,90,2054,4935
148,"(5,5)",TL,21,2104,4993
148,"(5,5)",TL,41,2108,4987
148,"(5,5)",TL,24,2112,4982
149,"(0,0)",BR,11,1815,5066
149,"(0,0)",BR,11,1820,5064
149,"(0,0)",BR,22,1827,5057
149,"(1,1)",BR,90,1877,5121
149,"(1,1)",BR,71,1884,5118
149,"(1,1)",BR,41,1889,5126
149,"(2,2)",TR,90,1922,5182
149,"(2,2)",TR,43,1926,5178
149,"(2,2)",TR,90,1930,5189
149,"(3,3)",TL,90,1983,5233
149,"(3,3)",TL,41,1989,5220
149,"(3,3)",TL,22,1991,5227
149,"(4,4)",BR,81,2058,5303
149,"(4,4)",BR,43,2062,5307
149,"(4,4)",BR,90,2067,5298
149,"(5,5)",BL,23,2117,5343
149,"(5,5)",BL,23,2123,5352
149,"(5,5)",BL,22,2125,5345
150,"(0,0)",TL,41,1801,5412
150,"(0,0)",TL,41,1808,5409
150,"(0,0)",TL,22,1814,5400
150,"(1,1)",BL,23,1876,5470
150,"(1,1)",BL,23,1881,5468
150,"(1,1)",BL,41,1885,5464
150,"(2,2)",BL,41,1936,5522
150,"(2,2)",BL,90,1940,5527
150,"(2,2)",BL,43,1949,5530
150,"(3,3)",BR,23,1999,5609
150,"(3,3)",BR,21,2002,5601
150,"(3,3)",BR,21,2008,5599
150,"(4,4)",BL,21,2059,5645
150,"(4,4)",BL,24,2062,5641
150,"(4,4)",BL,41,2068,5650
150,"(5,5)",TL,41,2104,5708
150,"(5,5)",TL,52,2105,5713
150,"(5,5)",TL,41,2110,5704
151,"(0,0)",TR,21,1801,5789
151,"(0,0)",TR,22,1808,5783
151,"(0,0)",TR,90,1811,5775
151,"(1,1)",TL,42,1863,5833
151,"(1,1)",TL,22,1865,5824
151,"(1,1)",TL,21,1874,5826
151,"(2,2)",TR,43,1923,5906
151,"(2,2)",TR,21,1927,5898
151,"(2,2)",TR,42,1933,5903
151,"(3,3)",BL,95,1997,5952
151,"(3,3)",BL,90,2001,5940
151,"(3,3)",BL,90,2005,5948
151,"(4,4)",BL,41,2056,6009
151,"(4,4)",BL,43,2063,6002
151,"(4,4)",BL,41,2065,6014
151,"(5,5)",BR,43,2116,6087
151,"(5,5)",BR,43,2120,6083
151,"(5,5)",BR,22,2127,6079
152,"(0,0)",TL,21,1804,6133
152,"(0,0)",TL,90,1807,6124
152,"(0,0)",TL,90,1810,6128
152,"(1,1)",TR,90,1860,6203
152,"(1,1)",TR,43,1869,6198
152,"(1,1)",TR,22,1871,6208
152,"(2,2)",TR,24,1924,6263
152,"(2,2)",TR,24,1929,6257
152,"(2,2)",TR,23,1933,6269
152,"(3,3)",BR,23,1996,6328
152,"(3,3)",BR,23,2003,6317
152,"(3,3)",BR,23,2009,6320
152,"(4,4)",BR,22,2058,6383
152,"(4,4)",BR,22,2061,6377
152,"(4,4)",BR,22,2069,6385
152,"(5,5)",BL,21,2117,6424
152,"(5,5)",BL,22,2120,6430
152,"(5,5)",BL,23,2127,6429
153,"(0,0)",TL,23,1803,6486
153,"(0,0)",TL,23,1809,6484
153,"(0,0)",TL,23,1814,6490
153,"(1,1)",BR,21,1875,6567
153,"(1,1)",BR,21,1883,6556
153,"(1,1)",BR,23,1887,6561
153,"(2,2)",TL,24,1920,6607
153,"(2,2)",TL,24,1927,6601
153,"(2,2)",TL,24,1932,6610
153,"(3,3)",TL,24,1981,6665
153,"(3,3)",TL,11,1986,6662
153,"(3,3)",TL,24,1990,6674
153,"(4,4)",TL,11,2041,6727
153,"(4,4)",TL,24,2048,6720
153,"(4,4)",TL,23,2054,6730
153,"(5,5)",BL,24,2119,6790
153,"(5,5)",BL,24,2123,6784
153,"(5,5)",BL,24,2128,6787
163,"(0,0)",BL,90,2178,365
163,"(0,0)",BL,43,2184,372
163,"(0,0)",BL,90,2188,361
163,"(1,1)",TL,41,2223,429
163,"(1,1)",TL,43,2225,434
163,"(1,1)",TL,41,2230,422
163,"(2,2)",BL,21,2296,492
163,"(2,2)",BL,22,2304,482
163,"(2,2)",BL,41,2305,488
163,"(3,3)",TL,43,2341,544
163,"(3,3)",TL,43,2346,549
163,"(3,3)",TL,43,2352,550
163,"(4,4)",BR,42,2419,618
163,"(4,4)",BR,43,2423,627
163,"(4,4)",BR,43,2428,623
163,"(5,5)",TR,90,2464,687
163,"(5,5)",TR,41,2469,681
163,"(5,5)",TR,41,2470,679
164,"(0,0)",TL,43,2163,723
164,"(0,0)",TL,42,2165,733
164,"(0,0)",TL,43,2174,727
164,"(1,1)",TL,90,2223,787
164,"(1,1)",TL,90,2229,794
164,"(1,1)",TL,43,2232,781
164,"(2,2)",TL,43,2280,847
164,"(2,2)",TL,42,2286,851
164,"(2,2)",TL,42,2293,841
164,"(3,3)",TL,43,2342,905
164,"(3,3)",TL,43,2347,910
164,"(3,3)",TL,41,2352,901
164,"(4,4)",BR,43,2419,983
164,"(4,4)",BR,41,2420,976
164,"(4,4)",BR,43,2426,988
164,"(5,5)",TL,41,2464,1024
164,"(5,5)",TL,41,2465,1025
164,"(5,5)",TL,41,2474,1030
165,"(0,0)",TL,41,2164,1083
165,"(0,0)",TL,43,2168,1085
165,"(0,0)",TL,41,2173,1092
165,"(1,1)",BR,21,2237,1163
165,"(1,1)",BR,41,2244,1168
165,"(1,1)",BR,90,2249,1157
165,"(2,2)",TR,43,2283,1215
165,"(2,2)",TR,43,2287,1221
165,"(2,2)",TR,21,2291,1227
165,"(3,3)",TR,41,2341,1280
165,"(3,3)",TR,21,2348,1279
165,"(3,3)",TR,41,2354,1285
165,"(4,4)",BR,41,2416,1341
165,"(4,4)",BR,41,2420,1335
165,"(4,4)",BR,41,2425,1345
165,"(5,5)",BR,43,2477,1400
165,"(5,5)",BR,43,2484,1395
165,"(5,5)",BR,43,2488,1409
166,"(0,0)",TL,90,2161,1446
166,"(0,0)",TL,43,2165,1443
166,"(0,0)",TL,41,2170,1451
166,"(1,1)",BR,41,2236,1519
166,"(1,1)",BR,41,2243,1521
166,"(1,1)",BR,81,2246,1528
166,"(2,2)",BL,41,2296,1562
166,"(2,2)",BL,21,2301,1571
166,"(2,2)",BL,43,2306,1565
166,"(3,3)",TL,41,2343,1627
166,"(3,3)",TL,41,2345,1623
166,"(3,3)",TL,41,2351,1633
166,"(4,4)",TL,41,2403,1692
166,"(4,4)",TL,43,2405,1682
166,"(4,4)",TL,43,2411,1685
166,"(5,5)",BR,43,2478,1766
166,"(5,5)",BR,41,2482,1757
166,"(5,5)",BR,43,2485,1763
167,"(0,0)",BR,43,2179,1815
167,"(0,0)",BR,43,2182,1820
167,"(0,0)",BR,41,2186,1826
167,"(1,1)",BL,11,2235,1860
167,"(1,1)",BL,31,2240,1869
167,"(1,1)",BL,43,2246,1872
167,"(2,2)",BL,43,2296,1925
167,"(2,2)",BL,81,2302,1920
167,"(2,2)",BL,43,2309,1931
167,"(3,3)",TL,43,2343,1986
167,"(3,3)",TL,43,2347,1993
167,"(3,3)",TL,43,2354,1983
167,"(4,4)",TL,42,2403,2040
167,"(4,4)",TL,21,2409,2049
167,"(4,4)",TL,21,2414,2052
167,"(5,5)",BR,43,2478,2122
167,"(5,5)",BR,41,2480,2127
167,"(5,5)",BR,43,2487,2118
168,"(0,0)",TL,71,2163,2165
168,"(0,0)",TL,41,2166,2161
168,"(0,0)",TL,43,2172,2174
168,"(1,1)",TR,41,2223,2238
168,"(1,1)",TR,43,2228,2249
168,"(1,1)",TR,41,2233,2244
168,"(2,2)",TL,81,2281,2291
168,"(2,2)",TL,90,2288,2283
168,"(2,2)",TL,43,2291,2287
168,"(3,3)",BL,23,2358,2346
168,"(3,3)",BL,23,2363,2350
168,"(3,3)",BL,41,2366,2341
168,"(4,4)",BL,90,2418,2403
168,"(4,4)",BL,41,2422,2406
168,"(4,4)",BL,22,2427,2414
168,"(5,5)",BR,21,2478,2489
168,"(5,5)",BR,21,2480,2480
168,"(5,5)",BR,21,2488,2475
169,"(0,0)",BR,82,2177,2548
169,"(0,0)",BR,82,2181,2543
169,"(0,0)",BR,90,2188,2538
169,"(1,1)",BL,82,2237,2586
169,"(1,1)",BL,42,2244,2592
169,"(1,1)",BL,43,2249,2584
169,"(2,2)",BL,41,2299,2652
169,"(2,2)",BL,41,2304,2645
169,"(2,2)",BL,81,2308,2642
169,"(3,3)",BR,81,2357,2716
169,"(3,3)",BR,81,2361,2726
169,"(3,3)",BR,41,2365,2722
169,"(4,4)",BL,41,2418,2772
169,"(4,4)",BL,41,2420,2769
169,"(4,4)",BL,41,2428,2763
169,"(5,5)",BL,90,2478,2832
169,"(5,5)",BL,90,2480,2829
169,"(5,5)",BL,95,2487,2823
170,"(0,0)",BR,43,2179,2904
170,"(0,0)",BR,43,2181,2905
170,"(0,0)",BR,41,2188,2896
170,"(1,1)",BL,41,2239,2950
170,"(1,1)",BL,41,2244,2940
170,"(1,1)",BL,41,2249,2946
170,"(2,2)",BR,90,2298,3028
170,"(2,2)",BR,41,2302,3024
170,"(2,2)",BR,43,2308,3019
170,"(3,3)",BL,42,2355,3063
170,"(3,3)",BL,90,2362,3067
170,"(3,3)",BL,90,2369,3071
170,"(4,4)",BL,23,2417,3121
170,"(4,4)",BL,23,2420,3134
170,"(4,4)",BL,21,2429,3128
170,"(5,5)",BL,42,2479,3189
170,"(5,5)",BL,90,2480,3184
170,"(5,5)",BL,42,2487,3190
171,"(0,0)",TR,11,2160,3264
171,"(0,0)",TR,11,2169,3266
171,"(0,0)",TR,11,2170,3255
171,"(1,1)",BL,41,2239,3304
171,"(1,1)",BL,41,2242,3309
171,"(1,1)",BL,41,2249,3312
171,"(2,2)",TR,41,2280,3387
171,"(2,2)",TR,41,2288,3379
171,"(2,2)",TR,90,2292,3380
171,"(3,3)",BL,43,2357,3420
171,"(3,3)",BL,21,2361,3429
171,"(3,3)",BL,42,2367,3430
171,"(4,4)",BR,81,2415,3504
171,"(4,4)",BR,43,2422,3507
171,"(4,4)",BR,22,2426,3495
171,"(5,5)",BR,41,2477,3565
171,"(5,5)",BR,43,2483,3560
171,"(5,5)",BR,41,2485,3558
172,"(0,0)",BL,43,2179,3604
172,"(0,0)",BL,43,2181,3611
172,"(0,0)",BL,43,2189,3605
172,"(1,1)",BL,43,2235,3665
172,"(1,1)",BL,43,2240,3671
172,"(1,1)",BL,43,2245,3662
172,"(2,2)",TL,43,2280,3720
172,"(2,2)",TL,41,2287,3729
172,"(2,2)",TL,41,2290,3733
172,"(3,3)",TL,43,2340,3793
172,"(3,3)",TL,41,2348,3780
172,"(3,3)",TL,41,2351,3788
172,"(4,4)",TL,41,2403,3852
172,"(4,4)",TL,41,2406,3849
172,"(4,4)",TL,81,2410,3841
172,"(5,5)",BL,43,2475,3910
172,"(5,5)",BL,43,2480,3909
172,"(5,5)",BL,43,2485,3904
173,"(0,0)",BR,21,2179,3988
173,"(0,0)",BR,81,2180,3978
173,"(0,0)",BR,71,2185,3982
173,"(1,1)",BR,21,2239,4041
173,"(1,1)",BR,11,2244,4049
173,"(1,1)",BR,11,2247,4039
173,"(2,2)",BR,41,2298,4109
173,"(2,2)",BR,43,2300,4102
173,"(2,2)",BR,71,2308,4097
173,"(3,3)",BL,42,2356,4141
173,"(3,3)",BL,41,2360,4152
173,"(3,3)",BL,41,2365,4146
173,"(4,4)",BR,23,2415,4219
173,"(4,4)",BR,22,2422,4224
173,"(4,4)",BR,22,2427,4225
173,"(5,5)",TL,23,2464,4265
173,"(5,5)",TL,23,2466,4263
173,"(5,5)",TL,41,2471,4273
174,"(0,0)",BR,41,2176,4343
174,"(0,0)",BR,43,2181,4336
174,"(0,0)",BR,21,2185,4347
174,"(1,1)",TL,42,2222,4388
174,"(1,1)",TL,21,2226,4391
174,"(1,1)",TL,43,2232,4381
174,"(2,2)",BL,41,2297,4454
174,"(2,2)",BL,41,2303,4443
174,"(2,2)",BL,43,2308,4446
174,"(3,3)",BL,81,2359,4506
174,"(3,3)",BL,81,2360,4501
174,"(3,3)",BL,43,2366,4513
174,"(4,4)",TL,41,2402,4567
174,"(4,4)",TL,41,2407,4562
174,"(4,4)",TL,41,2410,4570
174,"(5,5)",TR,22,2461,4647
174,"(5,5)",TR,22,2469,4641
174,"(5,5)",TR,21,2472,4638
175,"(0,0)",BL,22,2179,4689
175,"(0,0)",BL,41,2180,4681
175,"(0,0)",BL,22,2186,4692
175,"(1,1)",BL,11,2236,4746
175,"(1,1)",BL,11,2241,4754
175,"(1,1)",BL,23,2248,4742
175,"(2,2)",TL,23,2280,4813
175,"(2,2)",TL,23,2289,4801
175,"(2,2)",TL,23,2291,4805
175,"(3,3)",BR,23,2356,4877
175,"(3,3)",BR,90,2362,4887
175,"(3,3)",BR,41,2368,4880
175,"(4,4)",BL,23,2416,4922
175,"(4,4)",BL,11,2424,4934
175,"(4,4)",BL,23,2426,4927
175,"(5,5)",TR,23,2461,4996
175,"(5,5)",TR,90,2469,5003
175,"(5,5)",TR,90,2473,5006
176,"(0,0)",TL,23,2160,5054
176,"(0,0)",TL,21,2169,5048
176,"(0,0)",TL,90,2174,5041
176,"(1,1)",TL,22,2221,5101
176,"(1,1)",TL,23,2229,5106
176,"(1,1)",TL,81,2230,5114
176,"(2,2)",BR,24,2298,5185
176,"(2,2)",BR,24,2304,5184
176,"(2,2)",BR,22,2305,5179
176,"(3,3)",TL,23,2344,5226
176,"(3,3)",TL,23,2348,5224
176,"(3,3)",TL,23,2351,5232
176,"(4,4)",TR,42,2401,5300
176,"(4,4)",TR,43,2405,5297
176,"(4,4)",TR,21,2411,5309
176,"(5,5)",TL,41,2461,5345
176,"(5,5)",TL,21,2468,5340
176,"(5,5)",TL,41,2471,5352
177,"(0,0)",TL,23,2163,5407
177,"(0,0)",TL,22,2169,5401
177,"(0,0)",TL,24,2170,5413
177,"(1,1)",BL,43,2236,5470
177,"(1,1)",BL,22,2240,5467
177,"(1,1)",BL,41,2245,5463
177,"(2,2)",BL,41,2295,5529
177,"(2,2)",BL,90,2304,5533
177,"(2,2)",BL,41,2306,5522
177,"(3,3)",BL,23,2359,5591
177,"(3,3)",BL,90,2363,5583
177,"(3,3)",BL,90,2365,5586
177,"(4,4)",TL,23,2401,5651
177,"(4,4)",TL,22,2409,5646
177,"(4,4)",TL,43,2410,5642
177,"(5,5)",TR,41,2462,5717
177,"(5,5)",TR,90,2468,5729
177,"(5,5)",TR,31,2472,5720
178,"(0,0)",BR,43,2178,5785
178,"(0,0)",BR,42,2180,5777
178,"(0,0)",BR,22,2186,5784
178,"(1,1)",BL,23,2239,5834
178,"(1,1)",BL,24,2241,5824
178,"(1,1)",BL,24,2245,5827
178,"(2,2)",TR,23,2284,5903
178,"(2,2)",TR,22,2285,5896
178,"(2,2)",TR,23,2293,5908
178,"(3,3)",BL,21,2358,5954
178,"(3,3)",BL,22,2362,5940
178,"(3,3)",BL,43,2369,5945
178,"(4,4)",TL,42,2402,6008
178,"(4,4)",TL,43,2405,6011
178,"(4,4)",TL,41,2414,6004
178,"(5,5)",TR,71,2460,6077
178,"(5,5)",TR,43,2465,6089
178,"(5,5)",TR,42,2470,6084
179,"(0,0)",TL,21,2160,6132
179,"(0,0)",TL,22,2169,6122
179,"(0,0)",TL,22,2174,6128
179,"(1,1)",BR,22,2238,6204
179,"(1,1)",BR,23,2241,6209
179,"(1,1)",BR,21,2249,6198
179,"(2,2)",BL,22,2298,6253
179,"(2,2)",BL,90,2301,6247
179,"(2,2)",BL,90,2308,6244
179,"(3,3)",BR,21,2357,6317
179,"(3,3)",BR,21,2360,6324
179,"(3,3)",BR,23,2367,6327
179,"(4,4)",BR,21,2419,6389
179,"(4,4)",BR,43,2420,6383
179,"(4,4)",BR,81,2428,6378
179,"(5,5)",BR,43,2476,6445
179,"(5,5)",BR,43,2481,6444
179,"(5,5)",BR,90,2485,6438
180,"(0,0)",BR,90,2178,6504
180,"(0,0)",BR,43,2183,6497
180,"(0,0)",BR,41,2189,6509
180,"(1,1)",TL,81,2220,6550
180,"(1,1)",TL,90,2226,6543
180,"(1,1)",TL,22,2232,6547
180,"(2,2)",BL,23,2299,6610
180,"(2,2)",BL,24,2302,6605
180,"(2,2)",BL,23,2307,6603
180,"(3,3)",TL,22,2344,6668
180,"(3,3)",TL,23,2346,6673
180,"(3,3)",TL,24,2351,6662
180,"(4,4)",BR,21,2417,6748
180,"(4,4)",BR,23,2424,6744
180,"(4,4)",BR,22,2429,6737
180,"(5,5)",BR,23,2475,6795
180,"(5,5)",BR,21,2483,6804
180,"(5,5)",BR,21,2488,6809
190,"(0,0)",BR,42,2537,378
190,"(0,0)",BR,42,2540,383
190,"(0,0)",BR,21,2546,386
190,"(1,1)",TL,43,2580,429
190,"(1,1)",TL,90,2587,420
190,"(1,1)",TL,43,2590,434
190,"(2,2)",BR,41,2658,508
190,"(2,2)",BR,21,2660,497
190,"(2,2)",BR,42,2668,503
190,"(3,3)",BR,41,2717,566
190,"(3,3)",BR,41,2720,564
190,"(3,3)",BR,41,2728,559
190,"(4,4)",TR,11,2762,624
190,"(4,4)",TR,11,2769,628
190,"(4,4)",TR,11,2770,618
190,"(5,5)",TL,41,2823,673
190,"(5,5)",TL,43,2826,660
190,"(5,5)",TL,41,2830,667
191,"(0,0)",BL,41,2537,723
191,"(0,0)",BL,41,2541,731
191,"(0,0)",BL,41,2548,729
191,"(1,1)",BR,42,2598,806
191,"(1,1)",BR,43,2604,795
191,"(1,1)",BR,43,2608,802
191,"(2,2)",TR,42,2641,856
191,"(2,2)",TR,90,2645,864
191,"(2,2)",TR,42,2650,869
191,"(3,3)",TL,90,2704,904
191,"(3,3)",TL,43,2705,911
191,"(3,3)",TL,90,2714,908
191,"(4,4)",TR,90,2760,979
191,"(4,4)",TR,43,2769,982
191,"(4,4)",TR,43,2771,987
191,"(5,5)",TR,43,2824,1040
191,"(5,5)",TR,41,2827,1035
191,"(5,5)",TR,41,2830,1048
192,"(0,0)",BR,41,2539,1099
192,"(0,0)",BR,41,2540,1103
192,"(0,0)",BR,90,2547,1107
192,"(1,1)",BL,21,2598,1148
192,"(1,1)",BL,90,2600,1143
192,"(1,1)",BL,43,2606,1154
192,"(2,2)",TR,42,2641,1229
192,"(2,2)",TR,41,2647,1215
192,"(2,2)",TR,43,2654,1223
192,"(3,3)",BL,41,2716,1272
192,"(3,3)",BL,43,2720,1263
192,"(3,3)",BL,21,2727,1268
192,"(4,4)",BL,41,2778,1333
192,"(4,4)",BL,43,2782,1326
192,"(4,4)",BL,43,2788,1323
192,"(5,5)",TL,41,2823,1386
192,"(5,5)",TL,43,2829,1391
192,"(5,5)",TL,43,2832,1382
193,"(0,0)",TR,41,2524,1458
193,"(0,0)",TR,43,2529,1466
193,"(0,0)",TR,41,2530,1464
193,"(1,1)",TL,41,2580,1513
193,"(1,1)",TL,41,2589,1509
193,"(1,1)",TL,41,2593,1503
193,"(2,2)",TR,43,2644,1580
193,"(2,2)",TR,43,2646,1589
193,"(2,2)",TR,41,2653,1579
193,"(3,3)",TL,11,2704,1630
193,"(3,3)",TL,43,2709,1620
193,"(3,3)",TL,43,2712,1627
193,"(4,4)",TR,43,2764,1709
193,"(4,4)",TR,43,2766,1703
193,"(4,4)",TR,11,2774,1695
193,"(5,5)",BR,11,2835,1761
193,"(5,5)",BR,11,2843,1756
193,"(5,5)",BR,11,2847,1769
194,"(0,0)",TL,43,2521,1809
194,"(0,0)",TL,42,2525,1802
194,"(0,0)",TL,41,2534,1810
194,"(1,1)",TL,43,2581,1863
194,"(1,1)",TL,42,2586,1874
194,"(1,1)",TL,23,2594,1866
194,"(2,2)",TL,41,2644,1926
194,"(2,2)",TL,41,2648,1930
194,"(2,2)",TL,41,2654,1923
194,"(3,3)",BR,41,2718,1999
194,"(3,3)",BR,41,2721,2001
194,"(3,3)",BR,41,2729,2007
194,"(4,4)",BR,81,2778,2067
194,"(4,4)",BR,41,2782,2060
194,"(4,4)",BR,81,2787,2059
194,"(5,5)",BL,11,2839,2102
194,"(5,5)",BL,82,2844,2113
194,"(5,5)",BL,23,2848,2108
195,"(0,0)",TR,43,2521,2189
195,"(0,0)",TR,90,2526,2176
195,"(0,0)",TR,41,2532,2180
195,"(1,1)",TR,41,2584,2238
195,"(1,1)",TR,41,2585,2247
195,"(1,1)",TR,81,2593,2241
195,"(2,2)",BR,23,2659,2305
195,"(2,2)",BR,22,2660,2295
195,"(2,2)",BR,43,2665,2301
195,"(3,3)",TR,41,2704,2367
195,"(3,3)",TR,90,2707,2355
195,"(3,3)",TR,41,2711,2361
195,"(4,4)",TL,23,2764,2406
195,"(4,4)",TL,41,2769,2401
195,"(4,4)",TL,41,2771,2414
195,"(5,5)",TL,41,2822,2472
195,"(5,5)",TL,41,2828,2466
195,"(5,5)",TL,41,2834,2464
196,"(0,0)",TL,23,2523,2532
196,"(0,0)",TL,23,2529,2529
196,"(0,0)",TL,23,2532,2521
196,"(1,1)",TR,11,2584,2604
196,"(1,1)",TR,11,2587,2597
196,"(1,1)",TR,41,2591,2607
196,"(2,2)",TR,22,2644,2655
196,"(2,2)",TR,23,2648,2666
196,"(2,2)",TR,22,2650,2663
196,"(3,3)",TR,43,2702,2727
196,"(3,3)",TR,24,2709,2721
196,"(3,3)",TR,23,2712,2715
196,"(4,4)",TL,23,2761,2761
196,"(4,4)",TL,22,2767,2769
196,"(4,4)",TL,22,2771,2774
196,"(5,5)",BL,23,2838,2828
196,"(5,5)",BL,22,2840,2830
196,"(5,5)",BL,41,2847,2823
197,"(0,0)",TR,90,2521,2895
197,"(0,0)",TR,41,2527,2908
197,"(0,0)",TR,41,2533,2903
197,"(1,1)",BL,22,2598,2953
197,"(1,1)",BL,22,2600,2947
197,"(1,1)",BL,22,2605,2941
197,"(2,2)",TR,41,2644,3029
197,"(2,2)",TR,41,2646,3024
197,"(2,2)",TR,41,2654,3019
197,"(3,3)",TR,41,2700,3081
197,"(3,3)",TR,42,2709,3079
197,"(3,3)",TR,43,2712,3086
197,"(4,4)",TL,41,2764,3133
197,"(4,4)",TL,23,2766,3121
197,"(4,4)",TL,23,2770,3127
197,"(5,5)",TL,22,2823,3192
197,"(5,5)",TL,90,2829,3187
197,"(5,5)",TL,11,2833,3182
198,"(0,0)",BR,43,2537,3266
198,"(0,0)",BR,21,2540,3263
198,"(0,0)",BR,43,2545,3257
198,"(1,1)",TL,22,2580,3301
198,"(1,1)",TL,43,2587,3312
198,"(1,1)",TL,42,2590,3308
198,"(2,2)",TR,42,2642,3385
198,"(2,2)",TR,43,2647,3381
198,"(2,2)",TR,42,2651,3379
198,"(3,3)",BR,21,2719,3449
198,"(3,3)",BR,41,2724,3443
198,"(3,3)",BR,41,2728,3435
198,"(4,4)",BR,22,2779,3507
198,"(4,4)",BR,90,2782,3498
198,"(4,4)",BR,21,2788,3500
198,"(5,5)",TR,41,2822,3561
198,"(5,5)",TR,41,2828,3559
198,"(5,5)",TR,41,2832,3566
199,"(0,0)",BL,41,2538,3607
199,"(0,0)",BL,22,2542,3601
199,"(0,0)",BL,41,2548,3610
199,"(1,1)",TR,23,2582,3677
199,"(1,1)",TR,43,2588,3687
199,"(1,1)",TR,71,2591,3683
199,"(2,2)",TL,41,2641,3726
199,"(2,2)",TL,41,2649,3722
199,"(2,2)",TL,41,2652,3731
199,"(3,3)",BL,41,2717,3789
199,"(3,3)",BL,41,2720,3794
199,"(3,3)",BL,41,2727,3782
199,"(4,4)",TR,90,2764,3867
199,"(4,4)",TR,42,2766,3860
199,"(4,4)",TR,90,2771,3855
199,"(5,5)",BR,41,2839,3923
199,"(5,5)",BR,43,2844,3916
199,"(5,5)",BR,43,2849,3927
200,"(0,0)",TL,21,2521,3974
200,"(0,0)",TL,81,2527,3960
200,"(0,0)",TL,43,2532,3967
200,"(1,1)",BR,11,2597,4049
200,"(1,1)",BR,11,2602,4039
200,"(1,1)",BR,11,2605,4042
200,"(2,2)",TL,41,2641,4081
200,"(2,2)",TL,90,2649,4088
200,"(2,2)",TL,43,2652,4091
200,"(3,3)",TR,41,2704,4155
200,"(3,3)",TR,41,2708,4166
200,"(3,3)",TR,41,2713,4162
200,"(4,4)",TR,43,2762,4226
200,"(4,4)",TR,41,2766,4222
200,"(4,4)",TR,90,2770,4217
200,"(5,5)",BL,43,2839,4263
200,"(5,5)",BL,43,2840,4272
200,"(5,5)",BL,43,2848,4265
201,"(0,0)",BL,43,2539,4334
201,"(0,0)",BL,22,2544,4321
201,"(0,0)",BL,43,2548,4325
201,"(1,1)",TL,21,2584,4387
201,"(1,1)",TL,11,2587,4384
201,"(1,1)",TL,41,2592,4393
201,"(2,2)",TR,43,2641,4457
201,"(2,2)",TR,90,2648,4460
201,"(2,2)",TR,21,2651,4466
201,"(3,3)",BR,41,2719,4518
201,"(3,3)",BR,24,2721,4520
201,"(3,3)",BR,22,2729,4528
201,"(4,4)",TL,41,2762,4573
201,"(4,4)",TL,41,2767,4566
201,"(4,4)",TL,41,2773,4561
201,"(5,5)",TR,23,2821,4643
201,"(5,5)",TR,43,2829,4648
201,"(5,5)",TR,21,2833,4638
202,"(0,0)",BL,21,2537,4691
202,"(0,0)",BL,90,2543,4686
202,"(0,0)",BL,90,2548,4682
202,"(1,1)",TR,24,2581,4759
202,"(1,1)",TR,41,2586,4769
202,"(1,1)",TR,21,2592,4763
202,"(2,2)",BR,43,2656,4827
202,"(2,2)",BR,41,2662,4824
202,"(2,2)",BR,43,2668,4816
202,"(3,3)",TL,23,2703,4866
202,"(3,3)",TL,21,2709,4864
202,"(3,3)",TL,90,2714,4874
202,"(4,4)",TR,21,2762,4942
202,"(4,4)",TR,23,2769,4939
202,"(4,4)",TR,22,2770,4948
202,"(5,5)",TR,90,2823,5004
202,"(5,5)",TR,90,2826,5006
202,"(5,5)",TR,43,2834,4996
203,"(0,0)",BR,22,2536,5062
203,"(0,0)",BR,41,2540,5058
203,"(0,0)",BR,23,2546,5068
203,"(1,1)",TL,24,2582,5104
203,"(1,1)",TL,41,2589,5109
203,"(1,1)",TL,41,2590,5112
203,"(2,2)",TL,41,2642,5163
203,"(2,2)",TL,41,2645,5170
203,"(2,2)",TL,41,2652,5168
203,"(3,3)",TL,11,2704,5232
203,"(3,3)",TL,21,2708,5224
203,"(3,3)",TL,22,2714,5228
203,"(4,4)",TR,43,2763,5303
203,"(4,4)",TR,22,2768,5308
203,"(4,4)",TR,43,2770,5298
203,"(5,5)",BL,21,2835,5346
203,"(5,5)",BL,22,2841,5350
203,"(5,5)",BL,90,2845,5341
204,"(0,0)",BR,41,2538,5420
204,"(0,0)",BR,22,2544,5429
204,"(0,0)",BR,41,2549,5415
204,"(1,1)",BL,22,2597,5468
204,"(1,1)",BL,11,2604,5461
204,"(1,1)",BL,21,2608,5471
204,"(2,2)",TL,41,2641,5530
204,"(2,2)",TL,43,2647,5524
204,"(2,2)",TL,43,2650,5525
204,"(3,3)",TL,41,2700,5587
204,"(3,3)",TL,41,2706,5593
204,"(3,3)",TL,11,2710,5583
204,"(4,4)",TL,21,2761,5648
204,"(4,4)",TL,24,2765,5644
204,"(4,4)",TL,95,2774,5652
204,"(5,5)",TL,22,2824,5705
204,"(5,5)",TL,21,2827,5710
204,"(5,5)",TL,23,2831,5701
205,"(0,0)",TR,23,2520,5778
205,"(0,0)",TR,23,2527,5782
205,"(0,0)",TR,23,2531,5785
205,"(1,1)",TR,22,2580,5836
205,"(1,1)",TR,43,2587,5844
205,"(1,1)",TR,21,2594,5847
205,"(2,2)",TL,90,2644,5894
205,"(2,2)",TL,90,2648,5881
205,"(2,2)",TL,90,2654,5888
205,"(3,3)",BL,41,2715,5941
205,"(3,3)",BL,90,2724,5946
205,"(3,3)",BL,90,2728,5953
205,"(4,4)",BL,90,2778,6010
205,"(4,4)",BL,43,2784,6008
205,"(4,4)",BL,23,2788,6004
205,"(5,5)",BL,95,2839,6067
205,"(5,5)",BL,11,2841,6074
205,"(5,5)",BL,43,2848,6062
206,"(0,0)",TR,22,2522,6135
206,"(0,0)",TR,43,2527,6140
206,"(0,0)",TR,21,2531,6147
206,"(1,1)",BR,43,2599,6207
206,"(1,1)",BR,43,2601,6201
206,"(1,1)",BR,41,2605,6198
206,"(2,2)",BR,42,2656,6256
206,"(2,2)",BR,43,2664,6261
206,"(2,2)",BR,43,2667,6269
206,"(3,3)",TL,41,2701,6308
206,"(3,3)",TL,90,2706,6303
206,"(3,3)",TL,21,2712,6312
206,"(4,4)",TR,23,2763,6379
206,"(4,4)",TR,23,2767,6381
206,"(4,4)",TR,22,2774,6386
206,"(5,5)",TR,41,2820,6437
206,"(5,5)",TR,71,2827,6449
206,"(5,5)",TR,41,2834,6443
207,"(0,0)",TL,23,2524,6485
207,"(0,0)",TL,21,2525,6494
207,"(0,0)",TL,23,2532,6481
207,"(1,1)",TL,23,2583,6546
207,"(1,1)",TL,23,2586,6554
207,"(1,1)",TL,21,2590,6540
207,"(2,2)",BR,21,2656,6615
207,"(2,2)",BR,23,2664,6625
207,"(2,2)",BR,21,2665,6623
207,"(3,3)",BR,23,2718,6689
207,"(3,3)",BR,22,2724,6682
207,"(3,3)",BR,22,2729,6678
207,"(4,4)",TL,81,2763,6720
207,"(4,4)",TL,22,2768,6726
207,"(4,4)",TL,90,2773,6734
207,"(5,5)",BL,31,2835,6789
207,"(5,5)",BL,23,2840,6790
207,"(5,5)",BL,24,2846,6782
208,"(0,0)",BR,42,2536,6857
208,"(0,0)",BR,41,2540,6863
208,"(0,0)",BR,24,2549,6868
208,"(1,1)",BL,24,2596,6900
208,"(1,1)",BL,23,2604,6906
208,"(1,1)",BL,23,2606,6912
208,"(2,2)",BL,21,2659,6972
208,"(2,2)",BL,22,2660,6964
208,"(2,2)",BL,43,2669,6967
208,"(3,3)",TL,90,2701,7028
208,"(3,3)",TL,41,2709,7023
208,"(3,3)",TL,41,2712,7034
208,"(4,4)",TL,43,2760,7090
208,"(4,4)",TL,41,2766,7086
208,"(4,4)",TL,11,2771,7081
208,"(5,5)",TL,24,2824,7140
208,"(5,5)",TL,90,2825,7154
208,"(5,5)",TL,95,2833,7148
209,"(0,0)",TR,41,2520,7225
209,"(0,0)",TR,22,2528,7219
209,"(0,0)",TR,90,2533,7223
209,"(1,1)",BL,42,2596,7260
209,"(1,1)",BL,90,2604,7270
209,"(1,1)",BL,43,2609,7266
209,"(2,2)",TL,23,2641,7330
209,"(2,2)",TL,21,2649,7327
209,"(2,2)",TL,21,2653,7323
209,"(3,3)",BR,43,2717,7398
209,"(3,3)",BR,42,2721,7404
209,"(3,3)",BR,42,2728,7406
209,"(4,4)",TL,22,2764,7445
209,"(4,4)",TL,43,2769,7441
209,"(4,4)",TL,90,2771,7454
209,"(5,5)",BL,43,2836,7506
209,"(5,5)",BL,22,2843,7501
209,"(5,5)",BL,43,2847,7513
226,"(0,0)",TL,41,2883,3612
226,"(0,0)",TL,41,2889,3607
226,"(0,0)",TL,41,2891,3603
226,"(1,1)",TR,52,2940,3686
226,"(1,1)",TR,52,2945,3682
226,"(1,1)",TR,41,2954,3675
226,"(2,2)",TR,90,3003,3743
226,"(2,2)",TR,90,3009,3737
226,"(2,2)",TR,43,3012,3749
226,"(3,3)",TR,43,3063,3809
226,"(3,3)",TR,22,3067,3795
226,"(3,3)",TR,43,3072,3802
226,"(4,4)",BL,43,3135,3846
226,"(4,4)",BL,41,3140,3854
226,"(4,4)",BL,90,3149,3840
226,"(5,5)",TL,43,3183,3912
226,"(5,5)",TL,43,3189,3909
226,"(5,5)",TL,42,3194,3902
227,"(0,0)",BR,11,2895,3989
227,"(0,0)",BR,41,2900,3975
227,"(0,0)",BR,11,2906,3980
227,"(1,1)",TR,41,2942,4045
227,"(1,1)",TR,43,2946,4040
227,"(1,1)",TR,22,2951,4036
227,"(2,2)",BL,41,3017,4087
227,"(2,2)",BL,21,3020,4091
227,"(2,2)",BL,22,3028,4083
227,"(3,3)",TL,23,3060,4144
227,"(3,3)",TL,23,3068,4146
227,"(3,3)",TL,21,3073,4152
227,"(4,4)",TL,52,3123,4203
227,"(4,4)",TL,41,3126,4208
227,"(4,4)",TL,43,3134,4210
227,"(5,5)",BL,41,3196,4270
227,"(5,5)",BL,41,3200,4264
227,"(5,5)",BL,43,3207,4268
228,"(0,0)",BL,41,2899,4332
228,"(0,0)",BL,71,2900,4326
228,"(0,0)",BL,43,2909,4322
228,"(1,1)",BL,52,2959,4384
228,"(1,1)",BL,41,2963,4393
228,"(1,1)",BL,41,2968,4387
228,"(2,2)",BR,11,3019,4463
228,"(2,2)",BR,22,3024,4458
228,"(2,2)",BR,11,3029,4466
228,"(3,3)",BR,41,3077,4529
228,"(3,3)",BR,41,3082,4515
228,"(3,3)",BR,41,3085,4523
228,"(4,4)",BL,90,3135,4561
228,"(4,4)",BL,23,3144,4571
228,"(4,4)",BL,22,3146,4568
228,"(5,5)",TR,11,3184,4649
228,"(5,5)",TR,11,3187,4641
228,"(5,5)",TR,23,3193,4639
229,"(0,0)",BL,81,2897,4688
229,"(0,0)",BL,21,2903,4693
229,"(0,0)",BL,21,2905,4680
229,"(1,1)",BL,82,2959,4748
229,"(1,1)",BL,82,2962,4752
229,"(1,1)",BL,41,2969,4740
229,"(2,2)",BL,43,3019,4801
229,"(2,2)",BL,43,3020,4810
229,"(2,2)",BL,90,3028,4808
229,"(3,3)",TR,43,3063,4885
229,"(3,3)",TR,81,3067,4879
229,"(3,3)",TR,43,3070,4880
229,"(4,4)",BR,43,3135,4936
229,"(4,4)",BR,22,3144,4945
229,"(4,4)",BR,41,3145,4941
229,"(5,5)",TR,52,3182,5001
229,"(5,5)",TR,41,3186,5008
229,"(5,5)",TR,41,3190,4996
230,"(0,0)",BL,23,2899,5042
230,"(0,0)",BL,71,2904,5052
230,"(0,0)",BL,52,2906,5047
230,"(1,1)",TR,81,2942,5117
230,"(1,1)",TR,24,2947,5124
230,"(1,1)",TR,41,2951,5127
230,"(2,2)",TR,43,3001,5176
230,"(2,2)",TR,41,3006,5184
230,"(2,2)",TR,21,3012,5188
230,"(3,3)",BL,41,3079,5227
230,"(3,3)",BL,41,3081,5221
230,"(3,3)",BL,41,3088,5231
230,"(4,4)",BR,81,3137,5302
230,"(4,4)",BR,43,3140,5307
230,"(4,4)",BR,42,3145,5297
230,"(5,5)",BL,41,3196,5348
230,"(5,5)",BL,41,3200,5341
230,"(5,5)",BL,43,3205,5351
231,"(0,0)",TL,41,2880,5407
231,"(0,0)",TL,90,2886,5414
231,"(0,0)",TL,41,2891,5401
231,"(1,1)",TR,43,2940,5485
231,"(1,1)",TR,90,2948,5481
231,"(1,1)",TR,71,2954,5477
231,"(2,2)",TL,43,3000,5531
231,"(2,2)",TL,21,3006,5529
231,"(2,2)",TL,81,3012,5520
231,"(3,3)",TL,43,3064,5590
231,"(3,3)",TL,43,3068,5587
231,"(3,3)",TL,41,3073,5583
231,"(4,4)",TR,90,3121,5662
231,"(4,4)",TR,43,3126,5668
231,"(4,4)",TR,41,3134,5657
231,"(5,5)",BL,81,3198,5706
231,"(5,5)",BL,90,3204,5700
231,"(5,5)",BL,43,3208,5713
232,"(0,0)",TR,22,2880,5789
232,"(0,0)",TR,22,2885,5782
232,"(0,0)",TR,22,2890,5776
232,"(1,1)",BL,23,2959,5823
232,"(1,1)",BL,23,2961,5834
232,"(1,1)",BL,23,2969,5827
232,"(2,2)",TR,23,3002,5905
232,"(2,2)",TR,22,3005,5900
232,"(2,2)",TR,22,3010,5898
232,"(3,3)",BR,42,3076,5969
232,"(3,3)",BR,21,3080,5962
232,"(3,3)",BR,43,3087,5957
232,"(4,4)",TR,11,3122,6025
232,"(4,4)",TR,90,3126,6017
232,"(4,4)",TR,90,3132,6022
232,"(5,5)",TR,90,3184,6088
232,"(5,5)",TR,90,3187,6077
232,"(5,5)",TR,41,3191,6081
233,"(0,0)",BL,81,2897,6134
233,"(0,0)",BL,23,2900,6125
233,"(0,0)",BL,90,2909,6120
233,"(1,1)",TL,23,2944,6189
233,"(1,1)",TL,24,2946,6184
233,"(1,1)",TL,24,2953,6192
233,"(2,2)",BL,24,3016,6253
233,"(2,2)",BL,24,3020,6249
233,"(2,2)",BL,24,3027,6243
233,"(3,3)",TL,23,3064,6307
233,"(3,3)",TL,22,3065,6311
233,"(3,3)",TL,23,3070,6302
233,"(4,4)",BR,41,3137,6380
233,"(4,4)",BR,90,3143,6387
233,"(4,4)",BR,41,3148,6379
233,"(5,5)",TR,42,3183,6437
233,"(5,5)",TR,90,3186,6447
233,"(5,5)",TR,43,3192,6442
234,"(0,0)",BL,23,2895,6487
234,"(0,0)",BL,21,2904,6483
234,"(0,0)",BL,22,2907,6491
234,"(1,1)",BL,41,2959,6553
234,"(1,1)",BL,71,2961,6546
234,"(1,1)",BL,90,2967,6543
234,"(2,2)",TL,41,3000,6604
234,"(2,2)",TL,41,3006,6607
234,"(2,2)",TL,41,3010,6612
234,"(3,3)",TL,90,3064,6666
234,"(3,3)",TL,43,3067,6663
234,"(3,3)",TL,41,3074,6674
234,"(4,4)",BL,21,3138,6720
234,"(4,4)",BL,43,3143,6726
234,"(4,4)",BL,90,3145,6731
234,"(5,5)",TR,41,3180,6798
234,"(5,5)",TR,22,3189,6805
234,"(5,5)",TR,90,3193,6801
235,"(0,0)",TL,22,2882,6844
235,"(0,0)",TL,22,2886,6848
235,"(0,0)",TL,22,2893,6853
235,"(1,1)",TL,22,2944,6907
235,"(1,1)",TL,23,2946,6913
235,"(1,1)",TL,22,2953,6904
235,"(2,2)",BL,23,3016,6962
235,"(2,2)",BL,23,3021,6965
235,"(2,2)",BL,22,3027,6972
235,"(3,3)",BR,90,3078,7036
235,"(3,3)",BR,90,3082,7042
235,"(3,3)",BR,90,3086,7047
235,"(4,4)",TR,42,3124,7103
235,"(4,4)",TR,42,3128,7106
235,"(4,4)",TR,41,3134,7099
235,"(5,5)",TL,21,3184,7153
235,"(5,5)",TL,41,3187,7146
235,"(5,5)",TL,43,3192,7144
236,"(0,0)",TL,24,2882,7212
236,"(0,0)",TL,24,2886,7205
236,"(0,0)",TL,22,2894,7201
236,"(1,1)",TL,21,2944,7264
236,"(1,1)",TL,90,2948,7274
236,"(1,1)",TL,90,2950,7267
236,"(2,2)",TR,42,3001,7346
236,"(2,2)",TR,43,3009,7337
236,"(2,2)",TR,11,3014,7340
236,"(3,3)",BR,22,3079,7395
236,"(3,3)",BR,22,3084,7400
236,"(3,3)",BR,82,3088,7409
236,"(4,4)",TR,11,3123,7455
236,"(4,4)",TR,11,3125,7469
236,"(4,4)",TR,42,3132,7464
236,"(5,5)",BL,90,3195,7500
236,"(5,5)",BL,42,3204,7514
236,"(5,5)",BL,42,3207,7509
237,"(0,0)",BL,43,2899,7568
237,"(0,0)",BL,43,2903,7574
237,"(0,0)",BL,42,2906,7561
237,"(1,1)",TL,24,2943,7620
237,"(1,1)",TL,23,2946,7626
237,"(1,1)",TL,24,2953,7634
237,"(2,2)",TL,22,3001,7680
237,"(2,2)",TL,23,3009,7692
237,"(2,2)",TL,21,3014,7685
237,"(3,3)",TL,82,3061,7751
237,"(3,3)",TL,42,3069,7748
237,"(3,3)",TL,21,3070,7743
237,"(4,4)",BR,42,3139,7826
237,"(4,4)",BR,43,3141,7818
237,"(4,4)",BR,42,3145,7823
237,"(5,5)",TL,21,3180,7872
237,"(5,5)",TL,21,3189,7868
237,"(5,5)",TL,21,3190,7863
260,"(0,0)",BR,43,3255,6139
260,"(0,0)",BR,81,3260,6146
260,"(0,0)",BR,81,3265,6143
260,"(1,1)",TL,43,3302,6191
260,"(1,1)",TL,43,3305,6183
260,"(1,1)",TL,42,3310,6185
260,"(2,2)",TR,43,3362,6264
260,"(2,2)",TR,42,3366,6266
260,"(2,2)",TR,90,3371,6255
260,"(3,3)",TL,41,3423,6313
260,"(3,3)",TL,90,3427,6300
260,"(3,3)",TL,21,3433,6308
260,"(4,4)",TL,90,3481,6363
260,"(4,4)",TL,22,3485,6372
260,"(4,4)",TL,90,3490,6366
260,"(5,5)",TL,23,3544,6432
260,"(5,5)",TL,43,3547,6424
260,"(5,5)",TL,52,3551,6425
261,"(0,0)",TL,23,3240,6493
261,"(0,0)",TL,82,3245,6481
261,"(0,0)",TL,22,3252,6487
261,"(1,1)",BL,90,3315,6546
261,"(1,1)",BL,43,3321,6551
261,"(1,1)",BL,90,3326,6541
261,"(2,2)",BR,31,3377,6628
261,"(2,2)",BR,42,3383,6616
261,"(2,2)",BR,82,3385,6624
261,"(3,3)",TL,43,3422,6666
261,"(3,3)",TL,41,3427,6663
261,"(3,3)",TL,41,3432,6672
261,"(4,4)",TL,43,3483,6734
261,"(4,4)",TL,90,3485,6724
261,"(4,4)",TL,23,3491,6726
261,"(5,5)",BR,22,3558,6800
261,"(5,5)",BR,23,3561,6806
261,"(5,5)",BR,90,3568,6795
262,"(0,0)",BL,24,3255,6847
262,"(0,0)",BL,23,3261,6851
262,"(0,0)",BL,90,3265,6843
262,"(1,1)",TR,42,3303,6923
262,"(1,1)",TR,90,3307,6915
262,"(1,1)",TR,42,3313,6929
262,"(2,2)",TL,90,3360,6972
262,"(2,2)",TL,90,3366,6960
262,"(2,2)",TL,90,3372,6966
262,"(3,3)",TR,22,3420,7047
262,"(3,3)",TR,21,3426,7040
262,"(3,3)",TR,43,3433,7036
262,"(4,4)",TL,42,3480,7086
262,"(4,4)",TL,41,3485,7081
262,"(4,4)",TL,90,3494,7092
262,"(5,5)",BR,42,3556,7168
262,"(5,5)",BR,90,3563,7159
262,"(5,5)",BR,90,3568,7160
263,"(0,0)",TR,90,3243,7217
263,"(0,0)",TR,90,3245,7228
263,"(0,0)",TR,90,3252,7223
263,"(1,1)",BL,42,3318,7274
263,"(1,1)",BL,81,3321,7266
263,"(1,1)",BL,90,3329,7261
263,"(2,2)",TR,43,3363,7344
263,"(2,2)",TR,22,3366,7346
263,"(2,2)",TR,42,3371,7335
263,"(3,3)",TL,90,3423,7382
263,"(3,3)",TL,90,3427,7385
263,"(3,3)",TL,43,3432,7394
263,"(4,4)",BR,90,3495,7459
263,"(4,4)",BR,90,3504,7465
263,"(4,4)",BR,42,3506,7461
263,"(5,5)",BL,90,3556,7503
263,"(5,5)",BL,43,3564,7506
263,"(5,5)",BL,90,3569,7510
287,"(0,0)",TL,22,3604,6125
287,"(0,0)",TL,41,3605,6121
287,"(0,0)",TL,41,3612,6130
287,"(1,1)",TL,41,3664,6194
287,"(1,1)",TL,43,3668,6187
287,"(1,1)",TL,90,3673,6180
287,"(2,2)",TR,41,3720,6255
287,"(2,2)",TR,90,3729,6262
287,"(2,2)",TR,43,3731,6267
287,"(3,3)",BR,90,3795,6317
287,"(3,3)",BR,41,3801,6328
287,"(3,3)",BR,41,3806,6320
287,"(4,4)",TL,90,3840,6365
287,"(4,4)",TL,90,3849,6360
287,"(4,4)",TL,90,3853,6370
287,"(5,5)",TL,90,3904,6430
287,"(5,5)",TL,90,3906,6421
287,"(5,5)",TL,90,3910,6426
288,"(0,0)",TL,90,3603,6492
288,"(0,0)",TL,41,3605,6489
288,"(0,0)",TL,43,3613,6484
288,"(1,1)",TR,42,3661,6565
288,"(1,1)",TR,90,3669,6562
288,"(1,1)",TR,90,3673,6556
288,"(2,2)",BL,90,3736,6607
288,"(2,2)",BL,21,3741,6604
288,"(2,2)",BL,41,3745,6613
288,"(3,3)",BR,21,3795,6677
288,"(3,3)",BR,23,3801,6689
288,"(3,3)",BR,24,3807,6684
288,"(4,4)",BL,90,3858,6732
288,"(4,4)",BL,81,3862,6721
288,"(4,4)",BL,22,3867,6729
288,"(5,5)",TL,43,3902,6792
288,"(5,5)",TL,81,3908,6781
288,"(5,5)",TL,90,3913,6788
289,"(0,0)",BL,23,3615,6848
289,"(0,0)",BL,22,3623,6854
289,"(0,0)",BL,23,3628,6843
289,"(1,1)",TR,21,3660,6924
289,"(1,1)",TR,90,3667,6919
289,"(1,1)",TR,22,3672,6929
289,"(2,2)",TR,23,3722,6975
289,"(2,2)",TR,21,3728,6983
289,"(2,2)",TR,81,3732,6988
289,"(3,3)",BL,42,3795,7026
289,"(3,3)",BL,42,3801,7021
289,"(3,3)",BL,42,3806,7032
289,"(4,4)",TR,22,3842,7099
289,"(4,4)",TR,43,3848,7101
289,"(4,4)",TR,42,3854,7109
289,"(5,5)",TL,90,3902,7147
289,"(5,5)",TL,90,3907,7150
289,"(5,5)",TL,43,3913,7142
290,"(0,0)",TL,90,3604,7206
290,"(0,0)",TL,43,3609,7202
290,"(0,0)",TL,82,3614,7214
290,"(1,1)",TL,90,3661,7263
290,"(1,1)",TL,42,3666,7272
290,"(1,1)",TL,90,3674,7268
290,"(2,2)",BL,42,3736,7324
290,"(2,2)",BL,82,3741,7327
290,"(2,2)",BL,42,3749,7330
290,"(3,3)",TL,43,3783,7380
290,"(3,3)",TL,43,3785,7386
290,"(3,3)",TL,82,3794,7392
290,"(4,4)",TL,42,3843,7452
290,"(4,4)",TL,42,3847,7446
290,"(4,4)",TL,90,3852,7442
290,"(5,5)",BL,90,3916,7506
290,"(5,5)",BL,90,3922,7513
290,"(5,5)",BL,90,3926,7501
291,"(0,0)",TR,90,3602,7587
291,"(0,0)",TR,82,3609,7579
291,"(0,0)",TR,82,3613,7581
291,"(1,1)",BR,90,3676,7645
291,"(1,1)",BR,23,3681,7642
291,"(1,1)",BR,22,3688,7638
291,"(2,2)",BR,82,3737,7706
291,"(2,2)",BR,82,3740,7703
291,"(2,2)",BR,11,3746,7697
291,"(3,3)",BL,82,3799,7746
291,"(3,3)",BL,82,3803,7742
291,"(3,3)",BL,82,3807,7750
291,"(4,4)",TL,42,3842,7811
291,"(4,4)",TL,42,3846,7806
291,"(4,4)",TL,42,3852,7804
291,"(5,5)",TL,21,3901,7863
291,"(5,5)",TL,11,3909,7871
291,"(5,5)",TL,11,3910,7866
292,"(0,0)",BR,42,3616,7938
292,"(0,0)",BR,43,3623,7942
292,"(0,0)",BR,21,3626,7948
292,"(1,1)",TR,43,3664,8001
292,"(1,1)",TR,81,3667,8008
292,"(1,1)",TR,43,3670,7997
292,"(2,2)",BR,21,3739,8057
292,"(2,2)",BR,21,3740,8064
292,"(2,2)",BR,21,3748,8066
292,"(3,3)",BR,71,3795,8116
292,"(3,3)",BR,23,3803,8121
292,"(3,3)",BR,41,3806,8128
292,"(4,4)",BL,42,3859,8169
292,"(4,4)",BL,42,3864,8162
292,"(4,4)",BL,42,3866,8173
292,"(5,5)",BR,22,3917,8239
292,"(5,5)",BR,41,3924,8248
292,"(5,5)",BR,23,3925,8243
315,"(0,0)",TL,43,3961,6483
315,"(0,0)",TL,43,3968,6486
315,"(0,0)",TL,81,3974,6494
315,"(1,1)",BL,90,4039,6551
315,"(1,1)",BL,41,4042,6541
315,"(1,1)",BL,41,4047,6545
315,"(2,2)",TR,41,4083,6615
315,"(2,2)",TR,90,4089,6625
315,"(2,2)",TR,90,4093,6622
315,"(3,3)",TR,24,4142,6680
315,"(3,3)",TR,11,4145,6687
315,"(3,3)",TR,11,4153,6678
315,"(4,4)",TR,41,4200,6737
315,"(4,4)",TR,41,4205,6747
315,"(4,4)",TR,41,4211,6744
315,"(5,5)",BR,90,4278,6799
315,"(5,5)",BR,42,4284,6804
315,"(5,5)",BR,43,4287,6809
316,"(0,0)",BL,90,3978,6841
316,"(0,0)",BL,90,3982,6852
316,"(0,0)",BL,90,3986,6847
316,"(1,1)",BL,43,4038,6912
316,"(1,1)",BL,90,4040,6905
316,"(1,1)",BL,81,4049,6904
316,"(2,2)",BL,43,4097,6967
316,"(2,2)",BL,43,4104,6974
316,"(2,2)",BL,42,4108,6962
316,"(3,3)",BL,43,4157,7033
316,"(3,3)",BL,41,4163,7027
316,"(3,3)",BL,43,4165,7022
316,"(4,4)",TL,90,4201,7094
316,"(4,4)",TL,31,4209,7086
316,"(4,4)",TL,31,4214,7084
316,"(5,5)",TL,42,4260,7146
316,"(5,5)",TL,23,4267,7154
316,"(5,5)",TL,42,4274,7144
317,"(0,0)",TL,11,3961,7207
317,"(0,0)",TL,11,3965,7204
317,"(0,0)",TL,11,3974,7211
317,"(1,1)",BL,42,4038,7268
317,"(1,1)",BL,42,4042,7264
317,"(1,1)",BL,11,4048,7274
317,"(2,2)",TL,43,4084,7323
317,"(2,2)",TL,42,4086,7334
317,"(2,2)",TL,43,4090,7325
317,"(3,3)",TL,11,4141,7383
317,"(3,3)",TL,11,4149,7386
317,"(3,3)",TL,11,4153,7390
317,"(4,4)",TR,82,4202,7464
317,"(4,4)",TR,42,4209,7459
317,"(4,4)",TR,42,4213,7465
317,"(5,5)",BL,42,4277,7512
317,"(5,5)",BL,90,4281,7505
317,"(5,5)",BL,43,4286,7502
318,"(0,0)",TR,42,3964,7583
318,"(0,0)",TR,42,3965,7575
318,"(0,0)",TR,22,3972,7588
318,"(1,1)",BR,81,4037,7639
318,"(1,1)",BR,42,4040,7644
318,"(1,1)",BR,90,4049,7646
318,"(2,2)",TR,23,4084,7707
318,"(2,2)",TR,22,4085,7696
318,"(2,2)",TR,82,4094,7703
318,"(3,3)",TR,23,4144,7755
318,"(3,3)",TR,22,4148,7769
318,"(3,3)",TR,42,4150,7763
318,"(4,4)",BR,22,4219,7820
318,"(4,4)",BR,23,4224,7815
318,"(4,4)",BR,90,4229,7825
318,"(5,5)",BL,42,4277,7862
318,"(5,5)",BL,90,4280,7870
318,"(5,5)",BL,42,4288,7866
319,"(0,0)",BL,42,3977,7927
319,"(0,0)",BL,42,3980,7920
319,"(0,0)",BL,42,3987,7931
319,"(1,1)",BL,43,4035,7980
319,"(1,1)",BL,11,4040,7988
319,"(1,1)",BL,42,4049,7994
319,"(2,2)",TL,42,4080,8053
319,"(2,2)",TL,43,4086,8042
319,"(2,2)",TL,43,4094,8049
319,"(3,3)",TL,81,4140,8109
319,"(3,3)",TL,23,4145,8113
319,"(3,3)",TL,42,4151,8102
319,"(4,4)",BL,21,4219,8168
319,"(4,4)",BL,23,4223,8172
319,"(4,4)",BL,22,4225,8161
319,"(5,5)",BL,42,4275,8221
319,"(5,5)",BL,41,4281,8231
319,"(5,5)",BL,41,4285,8228
343,"(0,0)",TL,43,4324,6848
343,"(0,0)",TL,43,4328,6841
343,"(0,0)",TL,43,4331,6853
343,"(1,1)",BR,43,4395,6927
343,"(1,1)",BR,43,4402,6923
343,"(1,1)",BR,41,4408,6916
343,"(2,2)",BR,90,4459,6977
343,"(2,2)",BR,90,4461,6989
343,"(2,2)",BR,90,4467,6980
343,"(3,3)",TR,41,4501,7045
343,"(3,3)",TR,41,4508,7038
343,"(3,3)",TR,90,4512,7041
343,"(4,4)",BL,21,4576,7090
343,"(4,4)",BL,71,4584,7086
343,"(4,4)",BL,71,4585,7082
343,"(5,5)",BL,23,4637,7141
343,"(5,5)",BL,23,4644,7148
343,"(5,5)",BL,23,4645,7150
344,"(0,0)",TR,23,4324,7227
344,"(0,0)",TR,90,4329,7220
344,"(0,0)",TR,90,4331,7217
344,"(1,1)",BR,90,4397,7278
344,"(1,1)",BR,21,4401,7288
344,"(1,1)",BR,21,4407,7284
344,"(2,2)",BL,42,4456,7321
344,"(2,2)",BL,42,4462,7325
344,"(2,2)",BL,43,4469,7332
344,"(3,3)",BR,82,4517,7409
344,"(3,3)",BR,90,4521,7395
344,"(3,3)",BR,95,4527,7402
344,"(4,4)",BL,42,4577,7452
344,"(4,4)",BL,90,4582,7443
344,"(4,4)",BL,21,4589,7449
344,"(5,5)",TL,0,4624,7500
344,"(5,5)",TL,0,4626,7510
344,"(5,5)",TL,0,4632,7508
347,"(0,0)",BL,52,4337,8286
347,"(0,0)",BL,71,4342,8292
347,"(0,0)",BL,71,4348,8281
347,"(1,1)",TL,43,4384,8349
347,"(1,1)",TL,42,4385,8350
347,"(1,1)",TL,52,4391,8341
347,"(2,2)",TR,41,4444,8418
347,"(2,2)",TR,43,4449,8425
347,"(2,2)",TR,41,4453,8420
347,"(3,3)",TL,22,4503,8469
347,"(3,3)",TL,22,4506,8470
347,"(3,3)",TL,43,4512,8464
347,"(4,4)",TR,42,4563,8549
347,"(4,4)",TR,11,4568,8543
347,"(4,4)",TR,43,4570,8535
347,"(5,5)",TL,43,4622,8587
347,"(5,5)",TL,22,4629,8584
347,"(5,5)",TL,24,4631,8593
348,"(0,0)",BL,22,4337,8643
348,"(0,0)",BL,43,4343,8650
348,"(0,0)",BL,42,4347,8647
348,"(1,1)",BR,90,4399,8719
348,"(1,1)",BR,43,4402,8727
348,"(1,1)",BR,21,4406,8722
348,"(2,2)",BR,43,4455,8787
348,"(2,2)",BR,90,4462,8782
348,"(2,2)",BR,41,4466,8776
348,"(3,3)",TR,43,4501,8843
348,"(3,3)",TR,22,4507,8836
348,"(3,3)",TR,11,4514,8849
348,"(4,4)",TR,22,4562,8900
348,"(4,4)",TR,23,4569,8908
348,"(4,4)",TR,23,4571,8898
348,"(5,5)",TL,22,4621,8946
348,"(5,5)",TL,11,4626,8950
348,"(5,5)",TL,21,4633,8943
370,"(0,0)",TR,90,4683,6863
370,"(0,0)",TR,23,4688,6855
370,"(0,0)",TR,90,4692,6869
370,"(1,1)",BR,11,4756,6923
370,"(1,1)",BR,90,4762,6916
370,"(1,1)",BR,43,4769,6925
370,"(2,2)",TL,43,4802,6967
370,"(2,2)",TL,41,4806,6960
370,"(2,2)",TL,41,4812,6974
370,"(3,3)",TL,82,4862,7033
370,"(3,3)",TL,90,4868,7025
370,"(3,3)",TL,90,4873,7022
370,"(4,4)",TR,95,4921,7105
370,"(4,4)",TR,95,4925,7099
370,"(4,4)",TR,90,4930,7100
370,"(5,5)",TR,23,4982,7166
370,"(5,5)",TR,41,4986,7161
370,"(5,5)",TR,21,4992,7155
